"recipeId","recipeName","sourceYield","original","quantity","quantityMax","unit","fdcId","foodDescription","dataType","release","grams","gramsMax","portionId","weightNote","matchNote","issue","sourceUrl"
"mango-salsa-wontons","Mango Salsa Wontons","24","Vegetable oil cooking spray","","","","","","","","","","","","","No measured quantity; weight unresolved. USDA correspondence not selected.",""
"mango-salsa-wontons","Mango Salsa Wontons","24","1 large ripe mango, peeled, pitted and diced","1","","count","169910","Mangos, raw","SR Legacy","2018-04","","","","","Draft computational correspondence, unreviewed. Mangos, raw. Raw mango edible flesh; generic fruit yield, source large size not resolved. SR Legacy snapshot 2018-04; release age must be considered.","Food count/size needs an explicit USDA portion selection.","https://fdc.nal.usda.gov/food-details/169910/nutrients"
"mango-salsa-wontons","Mango Salsa Wontons","24","1 small cucumber, peeled, seeded and diced","1","","count","169225","Cucumber, peeled, raw","SR Legacy","2018-04","158","","84470","USDA average estimate: 1 small (6-3/8"" long) = 158 g.","Draft computational correspondence, unreviewed. Cucumber, peeled, raw. Raw peeled cucumber selected only when explicitly peeled; seeds removal not separately quantified. SR Legacy snapshot 2018-04; release age must be considered.","","https://fdc.nal.usda.gov/food-details/169225/nutrients"
"mango-salsa-wontons","Mango Salsa Wontons","24","1/2 medium red onion, finely diced","0.5","","count","170000","Onions, raw","SR Legacy","2018-04","55","","85860","USDA average estimate: 1 medium (2-1/2"" dia) = 110 g.","Draft computational correspondence, unreviewed. Onions, raw. Generic raw onion; red/yellow variety approximated by generic onion to retain compatible household portions. SR Legacy snapshot 2018-04; release age must be considered.","","https://fdc.nal.usda.gov/food-details/170000/nutrients"
"mango-salsa-wontons","Mango Salsa Wontons","24","2 to 3 tablespoons fresh lime juice","2","3","tbsp","168156","Lime juice, raw","SR Legacy","2018-04","30.25","45.375","82572","USDA average estimate: 1 cup = 242 g. Household volume converted within this food only.","Draft computational correspondence, unreviewed. Lime juice, raw. Raw lime juice, not whole lime. SR Legacy snapshot 2018-04; release age must be considered.","","https://fdc.nal.usda.gov/food-details/168156/nutrients"
"mango-salsa-wontons","Mango Salsa Wontons","24","1 tablespoon olive oil","1","","tbsp","171413","Oil, olive, salad or cooking","SR Legacy","2018-04","13.5","","88667","USDA average estimate: 1 tablespoon = 13.5 g.","Draft computational correspondence, unreviewed. Oil, olive, salad or cooking. Generic olive oil approximation; extra-virgin/light qualifiers affect composition. SR household portions retained because Foundation oil has no normalized nutrient totals. SR Legacy snapshot 2018-04; release age must be considered.","","https://fdc.nal.usda.gov/food-details/171413/nutrients"
"mango-salsa-wontons","Mango Salsa Wontons","24","Pinch of cayenne pepper","","","","170932","Spices, pepper, red or cayenne","SR Legacy","2018-04","","","","","Draft computational correspondence, unreviewed. Spices, pepper, red or cayenne. Generic dried spice/seed or leavening agent; unspecified brand and grind approximated. SR Legacy snapshot 2018-04; release age must be considered.","Unmeasured pinch, sprinkle or to-taste amount; weight unresolved. No measured quantity; weight unresolved. Measured weight requires source review.","https://fdc.nal.usda.gov/food-details/170932/nutrients"
"mango-salsa-wontons","Mango Salsa Wontons","24","2 to 3 tablespoons chopped fresh cilantro (or more to taste)","2","3","tbsp","169997","Coriander (cilantro) leaves, raw","SR Legacy","2018-04","","","","","Draft computational correspondence, unreviewed. Coriander (cilantro) leaves, raw. Fresh cilantro leaves; chopped volume approximated by USDA raw leaves cup. SR Legacy snapshot 2018-04; release age must be considered.","Unmeasured pinch, sprinkle or to-taste amount; weight unresolved. Measured weight requires source review.","https://fdc.nal.usda.gov/food-details/169997/nutrients"
"mango-salsa-wontons","Mango Salsa Wontons","24","24 wonton sheets (1 package; available at supermarkets or specialty stores)","24","","count","","","","","","","","","","USDA correspondence not selected.",""
"artichoke-dip","Artichoke Dip","10","1 cup frozen artichoke hearts","1","","cup","","","","","","","","","","USDA correspondence not selected.",""
"artichoke-dip","Artichoke Dip","10","1/4 cup low-fat mayonnaise","0.25","","cup","173594","Salad dressing, mayonnaise, light","SR Legacy","2018-04","60","","92896","USDA average estimate: 1 tablespoon = 15 g. Household volume converted within this food only.","Draft computational correspondence, unreviewed. Salad dressing, mayonnaise, light. Light mayonnaise approximation; exact low-fat formulation unspecified. SR Legacy snapshot 2018-04; release age must be considered.","","https://fdc.nal.usda.gov/food-details/173594/nutrients"
"artichoke-dip","Artichoke Dip","10","1/4 cup low-fat sour cream","0.25","","cup","171256","Cream, sour, reduced fat, cultured","SR Legacy","2018-04","60.5","","88295","USDA average estimate: 1 cup = 242 g.","Draft computational correspondence, unreviewed. Cream, sour, reduced fat, cultured. Reduced-fat cultured sour cream approximation for low-fat/light label. SR Legacy snapshot 2018-04; release age must be considered.","","https://fdc.nal.usda.gov/food-details/171256/nutrients"
"artichoke-dip","Artichoke Dip","10","2 tablespoons light or low-fat cream cheese","2","","tbsp","169079","Cheese, cream, low fat","SR Legacy","2018-04","30","","84187","USDA average estimate: 1 tbsp = 15 g.","Draft computational correspondence, unreviewed. Cheese, cream, low fat. Low-fat cream cheese approximation; exact light product unspecified. SR Legacy snapshot 2018-04; release age must be considered.","","https://fdc.nal.usda.gov/food-details/169079/nutrients"
"artichoke-dip","Artichoke Dip","10","1 large garlic clove, crushed","1","","count","169230","Garlic, raw","SR Legacy","2018-04","","","","","Draft computational correspondence, unreviewed. Garlic, raw. Raw garlic; USDA generic clove is 3 g. Large/small clove and whole-head weights are not size-specific. SR Legacy snapshot 2018-04; release age must be considered.","USDA portion unit is incompatible with the source amount.","https://fdc.nal.usda.gov/food-details/169230/nutrients"
"artichoke-dip","Artichoke Dip","10","2 teaspoons hot sauce","2","","tsp","174527","Sauce, ready-to-serve, pepper or hot","SR Legacy","2018-04","","","","","Draft computational correspondence, unreviewed. Sauce, ready-to-serve, pepper or hot. Generic pepper/hot sauce; brand unspecified, sodium varies. SR Legacy snapshot 2018-04; release age must be considered.","Multiple household portion weights require an explicit choice.","https://fdc.nal.usda.gov/food-details/174527/nutrients"
"artichoke-dip","Artichoke Dip","10","1 tablespoon Parmesan cheese","1","","tbsp","171247","Cheese, parmesan, grated","SR Legacy","2018-04","5","","88262","USDA average estimate: 1 tbsp = 5 g.","Draft computational correspondence, unreviewed. Cheese, parmesan, grated. Generic grated Parmesan; freshly grated source approximated by USDA grated cheese. SR Legacy snapshot 2018-04; release age must be considered.","","https://fdc.nal.usda.gov/food-details/171247/nutrients"
"fresh-tzatziki","Fresh Tzatziki","10","1 large cucumber, peeled and finely chopped","1","","count","169225","Cucumber, peeled, raw","SR Legacy","2018-04","280","","84467","USDA average estimate: 1 large (8-1/4"" long) = 280 g.","Draft computational correspondence, unreviewed. Cucumber, peeled, raw. Raw peeled cucumber selected only when explicitly peeled; seeds removal not separately quantified. SR Legacy snapshot 2018-04; release age must be considered.","","https://fdc.nal.usda.gov/food-details/169225/nutrients"
"fresh-tzatziki","Fresh Tzatziki","10","1 cup plain nonfat yogurt","1","","cup","170887","Yogurt, plain, skim milk","SR Legacy","2018-04","245","","87500","USDA average estimate: 1 cup (8 fl oz) = 245 g.","Draft computational correspondence, unreviewed. Yogurt, plain, skim milk. Plain skim-milk yogurt; SR cup portion, not sweetened or flavored yogurt. SR Legacy snapshot 2018-04; release age must be considered.","","https://fdc.nal.usda.gov/food-details/170887/nutrients"
"fresh-tzatziki","Fresh Tzatziki","10","1 teaspoon dried dill weed","1","","tsp","171322","Spices, dill weed, dried","SR Legacy","2018-04","1","","88433","USDA average estimate: 1 tsp = 1 g.","Draft computational correspondence, unreviewed. Spices, dill weed, dried. Generic dried spice/seed or leavening agent; unspecified brand and grind approximated. SR Legacy snapshot 2018-04; release age must be considered.","","https://fdc.nal.usda.gov/food-details/171322/nutrients"
"fresh-tzatziki","Fresh Tzatziki","10","4 large cloves of garlic, minced","4","","count","169230","Garlic, raw","SR Legacy","2018-04","","","","","Draft computational correspondence, unreviewed. Garlic, raw. Raw garlic; USDA generic clove is 3 g. Large/small clove and whole-head weights are not size-specific. SR Legacy snapshot 2018-04; release age must be considered.","USDA portion unit is incompatible with the source amount.","https://fdc.nal.usda.gov/food-details/169230/nutrients"
"fresh-tzatziki","Fresh Tzatziki","10","1 tablespoon fresh lemon juice","1","","tbsp","167747","Lemon juice, raw","SR Legacy","2018-04","15.25","","81887","USDA average estimate: 1 cup = 244 g. Household volume converted within this food only.","Draft computational correspondence, unreviewed. Lemon juice, raw. Raw lemon juice, not whole fruit. SR Legacy snapshot 2018-04; release age must be considered.","","https://fdc.nal.usda.gov/food-details/167747/nutrients"
"fresh-tzatziki","Fresh Tzatziki","10","Pinch of salt","","","","173468","Salt, table","SR Legacy","2018-04","","","","","Draft computational correspondence, unreviewed. Salt, table. Table salt composition approximation; sea/kosher salt density differs, so volume for those qualifiers is unresolved. Pinch/to-taste has no invented gram weight. SR Legacy snapshot 2018-04; release age must be considered.","Unmeasured pinch, sprinkle or to-taste amount; weight unresolved. No measured quantity; weight unresolved. Measured weight requires source review.","https://fdc.nal.usda.gov/food-details/173468/nutrients"
"chicken-lettuce-wraps","Chicken Lettuce Wraps","6","Vegetable oil cooking spray","","","","","","","","","","","","","No measured quantity; weight unresolved. USDA correspondence not selected.",""
"chicken-lettuce-wraps","Chicken Lettuce Wraps","6","4 medium carrots, peeled and finely diced","4","","count","170393","Carrots, raw","SR Legacy","2018-04","244","","86559","USDA average estimate: 1 medium = 61 g.","Draft computational correspondence, unreviewed. Carrots, raw. Raw carrot, before recipe cooking. SR Legacy snapshot 2018-04; release age must be considered.","","https://fdc.nal.usda.gov/food-details/170393/nutrients"
"chicken-lettuce-wraps","Chicken Lettuce Wraps","6","2 large (11 to 12 inches) stalks of celery, finely diced","2","","count","169988","Celery, raw","SR Legacy","2018-04","","","","","Draft computational correspondence, unreviewed. Celery, raw. Raw celery stalks; leaves-only or alternative ingredient excluded. SR Legacy snapshot 2018-04; release age must be considered.","USDA portion unit is incompatible with the source amount.","https://fdc.nal.usda.gov/food-details/169988/nutrients"
"chicken-lettuce-wraps","Chicken Lettuce Wraps","6","1 large red bell pepper, seeded and finely diced","1","","count","170108","Peppers, sweet, red, raw","SR Legacy","2018-04","164","","86065","USDA average estimate: 1 large (2-1/4 per pound, approx 3-3/4"" long, 3"" dia.) = 164 g.","Draft computational correspondence, unreviewed. Peppers, sweet, red, raw. Raw red sweet pepper. SR Legacy snapshot 2018-04; release age must be considered.","","https://fdc.nal.usda.gov/food-details/170108/nutrients"
"chicken-lettuce-wraps","Chicken Lettuce Wraps","6","1 can (8 ounces) water chestnuts, drained and finely diced","1","","can","","","","","","","","","","USDA correspondence not selected.",""
"chicken-lettuce-wraps","Chicken Lettuce Wraps","6","3 medium scallions (white and green parts), thinly sliced","3","","count","170005","Onions, spring or scallions (includes tops and bulb), raw","SR Legacy","2018-04","45","","85881","USDA average estimate: 1 medium (4-1/8"" long) = 15 g.","Draft computational correspondence, unreviewed. Onions, spring or scallions (includes tops and bulb), raw. Raw scallions including white and green parts. SR Legacy snapshot 2018-04; release age must be considered.","","https://fdc.nal.usda.gov/food-details/170005/nutrients"
"chicken-lettuce-wraps","Chicken Lettuce Wraps","6","2 tablespoons fresh ginger, grated or finely minced","2","","tbsp","169231","Ginger root, raw","SR Legacy","2018-04","","","","","Draft computational correspondence, unreviewed. Ginger root, raw. Raw fresh ginger root; chopped/grated bulk density approximated by generic teaspoon. SR Legacy snapshot 2018-04; release age must be considered.","Preparation-specific household weight is unavailable; measure edible grams.","https://fdc.nal.usda.gov/food-details/169231/nutrients"
"chicken-lettuce-wraps","Chicken Lettuce Wraps","6","4 cloves garlic, minced","4","","clove","169230","Garlic, raw","SR Legacy","2018-04","12","","84480","USDA average estimate: 1 clove = 3 g.","Draft computational correspondence, unreviewed. Garlic, raw. Raw garlic; USDA generic clove is 3 g. Large/small clove and whole-head weights are not size-specific. SR Legacy snapshot 2018-04; release age must be considered.","","https://fdc.nal.usda.gov/food-details/169230/nutrients"
"chicken-lettuce-wraps","Chicken Lettuce Wraps","6","1 pound ground chicken (at least 90 percent lean)","1","","lb","","","","","","","","","","USDA correspondence not selected.",""
"chicken-lettuce-wraps","Chicken Lettuce Wraps","6","1/4 teaspoon black pepper","0.25","","tsp","170931","Spices, pepper, black","SR Legacy","2018-04","0.575","","87560","USDA average estimate: 1 tsp, ground = 2.3 g.","Draft computational correspondence, unreviewed. Spices, pepper, black. Generic dried spice/seed or leavening agent; unspecified brand and grind approximated. SR Legacy snapshot 2018-04; release age must be considered.","","https://fdc.nal.usda.gov/food-details/170931/nutrients"
"chicken-lettuce-wraps","Chicken Lettuce Wraps","6","1/3 cup Chinese plum sauce","0.3333333333333333","","cup","172879","Sauce, plum, ready-to-serve","SR Legacy","2018-04","101.66666666666666","","91624","USDA average estimate: 1 cup = 305 g.","Draft computational correspondence, unreviewed. Sauce, plum, ready-to-serve. Generic prepared plum sauce. SR Legacy snapshot 2018-04; release age must be considered.","","https://fdc.nal.usda.gov/food-details/172879/nutrients"
"chicken-lettuce-wraps","Chicken Lettuce Wraps","6","2 tablespoons reduced-sodium soy sauce","2","","tbsp","172473","Soy sauce made from soy and wheat (shoyu), low sodium","SR Legacy","2018-04","28.4","","90677","USDA average estimate: 1 tbsp = 14.2 g.","Draft computational correspondence, unreviewed. Soy sauce made from soy and wheat (shoyu), low sodium. Generic low-sodium shoyu; product-specific reduction varies, not regular soy sauce. SR Legacy snapshot 2018-04; release age must be considered.","","https://fdc.nal.usda.gov/food-details/172473/nutrients"
"chicken-lettuce-wraps","Chicken Lettuce Wraps","6","2 tablespoons rice vinegar","2","","tbsp","","","","","","","","","","USDA correspondence not selected.",""
"chicken-lettuce-wraps","Chicken Lettuce Wraps","6","1 teaspoon hot pepper sauce (or to taste)","1","","tsp","174527","Sauce, ready-to-serve, pepper or hot","SR Legacy","2018-04","","","","","Draft computational correspondence, unreviewed. Sauce, ready-to-serve, pepper or hot. Generic pepper/hot sauce; brand unspecified, sodium varies. SR Legacy snapshot 2018-04; release age must be considered.","Unmeasured pinch, sprinkle or to-taste amount; weight unresolved. Measured weight requires source review.","https://fdc.nal.usda.gov/food-details/174527/nutrients"
"chicken-lettuce-wraps","Chicken Lettuce Wraps","6","1/4 cup minced fresh cilantro, plus extra for garnish","0.25","","cup","169997","Coriander (cilantro) leaves, raw","SR Legacy","2018-04","","","","","Draft computational correspondence, unreviewed. Coriander (cilantro) leaves, raw. Fresh cilantro leaves; chopped volume approximated by USDA raw leaves cup. SR Legacy snapshot 2018-04; release age must be considered.","Additional ingredient quantity requires review.","https://fdc.nal.usda.gov/food-details/169997/nutrients"
"chicken-lettuce-wraps","Chicken Lettuce Wraps","6","1 head Boston or Bibb lettuce","1","","count","","","","","","","","","","USDA correspondence not selected.",""
"sweet-and-spicy-meatballs","Sweet and Spicy Meatballs","18","Vegetable oil cooking spray","","","","","","","","","","","","","No measured quantity; weight unresolved. USDA correspondence not selected.",""
"sweet-and-spicy-meatballs","Sweet and Spicy Meatballs","18","1/4 cup onion, chopped","0.25","","cup","170000","Onions, raw","SR Legacy","2018-04","40","","85855","USDA average estimate: 1 cup, chopped = 160 g.","Draft computational correspondence, unreviewed. Onions, raw. Generic raw onion; red/yellow variety approximated by generic onion to retain compatible household portions. SR Legacy snapshot 2018-04; release age must be considered.","","https://fdc.nal.usda.gov/food-details/170000/nutrients"
"sweet-and-spicy-meatballs","Sweet and Spicy Meatballs","18","1 pound 85 percent or leaner ground beef","1","","lb","171796","Beef, ground, 85% lean meat / 15% fat, raw (Includes foods for USDA's Food Distribution Program)","SR Legacy","2018-04","453.59237","","","Explicit source mass; exact unit conversion, edible yield not adjusted.","Draft computational correspondence, unreviewed. Beef, ground, 85% lean meat / 15% fat, raw (Includes foods for USDA's Food Distribution Program). Raw 85% lean / 15% fat selected at stated lower lean bound; leaner choice changes totals. SR Legacy snapshot 2018-04; release age must be considered.","","https://fdc.nal.usda.gov/food-details/171796/nutrients"
"sweet-and-spicy-meatballs","Sweet and Spicy Meatballs","18","1/3 cup fine dry breadcrumbs","0.3333333333333333","","cup","174928","Bread, crumbs, dry, grated, plain","SR Legacy","2018-04","36","","95194","USDA average estimate: 1 cup = 108 g.","Draft computational correspondence, unreviewed. Bread, crumbs, dry, grated, plain. Dry grated plain bread crumbs approximation. SR Legacy snapshot 2018-04; release age must be considered.","","https://fdc.nal.usda.gov/food-details/174928/nutrients"
"sweet-and-spicy-meatballs","Sweet and Spicy Meatballs","18","1/4 cup fresh parsley, chopped","0.25","","cup","170416","Parsley, fresh","SR Legacy","2018-04","15","","86607","USDA average estimate: 1 cup chopped = 60 g.","Draft computational correspondence, unreviewed. Parsley, fresh. Fresh parsley chopped; flat-leaf subtype approximated by generic fresh parsley. SR Legacy snapshot 2018-04; release age must be considered.","","https://fdc.nal.usda.gov/food-details/170416/nutrients"
"sweet-and-spicy-meatballs","Sweet and Spicy Meatballs","18","1/8 teaspoon nutmeg","0.125","","tsp","171326","Spices, nutmeg, ground","SR Legacy","2018-04","0.275","","88441","USDA average estimate: 1 tsp = 2.2 g.","Draft computational correspondence, unreviewed. Spices, nutmeg, ground. Generic dried spice/seed or leavening agent; unspecified brand and grind approximated. SR Legacy snapshot 2018-04; release age must be considered.","","https://fdc.nal.usda.gov/food-details/171326/nutrients"
"sweet-and-spicy-meatballs","Sweet and Spicy Meatballs","18","1/4 cup liquid reduced-fat or low-fat nondairy creamer","0.25","","cup","","","","","","","","","","USDA correspondence not selected.",""
"sweet-and-spicy-meatballs","Sweet and Spicy Meatballs","18","1 large egg white, beaten","1","","count","172183","Egg, white, raw, fresh","SR Legacy","2018-04","33","","90043","USDA average estimate: 1 large = 33 g.","Draft computational correspondence, unreviewed. Egg, white, raw, fresh. Fresh raw egg white; whole-egg shell and yolk excluded. SR Legacy snapshot 2018-04; release age must be considered.","","https://fdc.nal.usda.gov/food-details/172183/nutrients"
"sweet-and-spicy-meatballs","Sweet and Spicy Meatballs","18","1/2 cup fresh or frozen cranberries, finely chopped","0.5","","cup","","","","","","","","","","USDA correspondence not selected.",""
"sweet-and-spicy-meatballs","Sweet and Spicy Meatballs","18","2 teaspoons dry mustard","2","","tsp","170929","Spices, mustard seed, ground","SR Legacy","2018-04","4","","87556","USDA average estimate: 1 tsp = 2 g.","Draft computational correspondence, unreviewed. Spices, mustard seed, ground. Generic dried spice/seed or leavening agent; unspecified brand and grind approximated. SR Legacy snapshot 2018-04; release age must be considered.","","https://fdc.nal.usda.gov/food-details/170929/nutrients"
"sweet-and-spicy-meatballs","Sweet and Spicy Meatballs","18","1/8 teaspoon cayenne pepper","0.125","","tsp","170932","Spices, pepper, red or cayenne","SR Legacy","2018-04","0.225","","87564","USDA average estimate: 1 tsp = 1.8 g.","Draft computational correspondence, unreviewed. Spices, pepper, red or cayenne. Generic dried spice/seed or leavening agent; unspecified brand and grind approximated. SR Legacy snapshot 2018-04; release age must be considered.","","https://fdc.nal.usda.gov/food-details/170932/nutrients"
"sweet-and-spicy-meatballs","Sweet and Spicy Meatballs","18","1/2 cup grape jelly","0.5","","cup","169642","Jellies","SR Legacy","2018-04","","","","","Draft computational correspondence, unreviewed. Jellies. Generic sugar-sweetened jelly; grape flavor approximated by generic jellies. SR Legacy snapshot 2018-04; release age must be considered.","USDA portion unit is incompatible with the source amount.","https://fdc.nal.usda.gov/food-details/169642/nutrients"
"sweet-and-spicy-meatballs","Sweet and Spicy Meatballs","18","1 teaspoon fresh lemon juice","1","","tsp","167747","Lemon juice, raw","SR Legacy","2018-04","5.083333333333333","","81887","USDA average estimate: 1 cup = 244 g. Household volume converted within this food only.","Draft computational correspondence, unreviewed. Lemon juice, raw. Raw lemon juice, not whole fruit. SR Legacy snapshot 2018-04; release age must be considered.","","https://fdc.nal.usda.gov/food-details/167747/nutrients"
"hot-crab-dip","Hot Crab Dip","10","1 package (8 ounces) light or low-fat cream cheese, softened","1","","package","169079","Cheese, cream, low fat","SR Legacy","2018-04","","","","","Draft computational correspondence, unreviewed. Cheese, cream, low fat. Low-fat cream cheese approximation; exact light product unspecified. SR Legacy snapshot 2018-04; release age must be considered.","Package count needs a measured edible/drained weight.","https://fdc.nal.usda.gov/food-details/169079/nutrients"
"hot-crab-dip","Hot Crab Dip","10","1 tablespoon onion, finely minced","1","","tbsp","170000","Onions, raw","SR Legacy","2018-04","10","","85855","USDA average estimate: 1 cup, chopped = 160 g. Household volume converted within this food only.","Draft computational correspondence, unreviewed. Onions, raw. Generic raw onion; red/yellow variety approximated by generic onion to retain compatible household portions. SR Legacy snapshot 2018-04; release age must be considered.","","https://fdc.nal.usda.gov/food-details/170000/nutrients"
"hot-crab-dip","Hot Crab Dip","10","1 teaspoon fresh lemon juice","1","","tsp","167747","Lemon juice, raw","SR Legacy","2018-04","5.083333333333333","","81887","USDA average estimate: 1 cup = 244 g. Household volume converted within this food only.","Draft computational correspondence, unreviewed. Lemon juice, raw. Raw lemon juice, not whole fruit. SR Legacy snapshot 2018-04; release age must be considered.","","https://fdc.nal.usda.gov/food-details/167747/nutrients"
"hot-crab-dip","Hot Crab Dip","10","2 teaspoons low-sodium Worcestershire sauce","2","","tsp","","","","","","","","","","USDA correspondence not selected.",""
"hot-crab-dip","Hot Crab Dip","10","1/8 teaspoon black pepper Cayenne pepper to taste","0.125","","tsp","","","","","","","","","","Unmeasured pinch, sprinkle or to-taste amount; weight unresolved. USDA correspondence not selected.",""
"hot-crab-dip","Hot Crab Dip","10","2 tablespoons nondairy creamer","2","","tbsp","","","","","","","","","","USDA correspondence not selected.",""
"hot-crab-dip","Hot Crab Dip","10","1 can (6 ounces) crab meat, drained","1","","can","","","","","","","","","","USDA correspondence not selected.",""
"mexican-layer-dip","Mexican Layer Dip","15","1 15-ounce can low-sodium refried black beans","1","","count","","","","","","","","","","USDA correspondence not selected.",""
"mexican-layer-dip","Mexican Layer Dip","15","3 ripe avocados, peeled and pitted","3","","count","171705","Avocados, raw, all commercial varieties","SR Legacy","2018-04","603","","89226","USDA average estimate: 1 avocado, NS as to Florida or California = 201 g.","Draft computational correspondence, unreviewed. Avocados, raw, all commercial varieties. Raw avocado all varieties; USDA average edible fruit approximation. SR Legacy snapshot 2018-04; release age must be considered.","","https://fdc.nal.usda.gov/food-details/171705/nutrients"
"mexican-layer-dip","Mexican Layer Dip","15","1 tablespoon fresh lemon juice","1","","tbsp","167747","Lemon juice, raw","SR Legacy","2018-04","15.25","","81887","USDA average estimate: 1 cup = 244 g. Household volume converted within this food only.","Draft computational correspondence, unreviewed. Lemon juice, raw. Raw lemon juice, not whole fruit. SR Legacy snapshot 2018-04; release age must be considered.","","https://fdc.nal.usda.gov/food-details/167747/nutrients"
"mexican-layer-dip","Mexican Layer Dip","15","1 tablespoon light mayonnaise","1","","tbsp","173594","Salad dressing, mayonnaise, light","SR Legacy","2018-04","15","","92896","USDA average estimate: 1 tablespoon = 15 g.","Draft computational correspondence, unreviewed. Salad dressing, mayonnaise, light. Light mayonnaise approximation; exact low-fat formulation unspecified. SR Legacy snapshot 2018-04; release age must be considered.","","https://fdc.nal.usda.gov/food-details/173594/nutrients"
"mexican-layer-dip","Mexican Layer Dip","15","1/2 cup low-fat sour cream","0.5","","cup","171256","Cream, sour, reduced fat, cultured","SR Legacy","2018-04","121","","88295","USDA average estimate: 1 cup = 242 g.","Draft computational correspondence, unreviewed. Cream, sour, reduced fat, cultured. Reduced-fat cultured sour cream approximation for low-fat/light label. SR Legacy snapshot 2018-04; release age must be considered.","","https://fdc.nal.usda.gov/food-details/171256/nutrients"
"mexican-layer-dip","Mexican Layer Dip","15","2 tablespoons fresh cilantro, chopped","2","","tbsp","169997","Coriander (cilantro) leaves, raw","SR Legacy","2018-04","","","","","Draft computational correspondence, unreviewed. Coriander (cilantro) leaves, raw. Fresh cilantro leaves; chopped volume approximated by USDA raw leaves cup. SR Legacy snapshot 2018-04; release age must be considered.","Preparation-specific household weight is unavailable; measure edible grams.","https://fdc.nal.usda.gov/food-details/169997/nutrients"
"mexican-layer-dip","Mexican Layer Dip","15","3 tablespoons low-sodium taco seasoning","3","","tbsp","","","","","","","","","","USDA correspondence not selected.",""
"mexican-layer-dip","Mexican Layer Dip","15","2 medium bell peppers, any color, diced","2","","count","","","","","","","","","","USDA correspondence not selected.",""
"mexican-layer-dip","Mexican Layer Dip","15","1/2 cup of your favorite low-sodium cheese, shredded","0.5","","cup","","","","","","","","","","USDA correspondence not selected.",""
"mexican-layer-dip","Mexican Layer Dip","15","2 to 3 cups shredded lettuce","2","3","cup","169249","Lettuce, green leaf, raw","SR Legacy","2018-04","72","108","84520","USDA average estimate: 1 cup shredded = 36 g.","Draft computational correspondence, unreviewed. Lettuce, green leaf, raw. Unspecified lettuce subtype approximated by green-leaf lettuce. SR Legacy snapshot 2018-04; release age must be considered.","","https://fdc.nal.usda.gov/food-details/169249/nutrients"
"mexican-layer-dip","Mexican Layer Dip","15","1/2 cup diced plum tomato","0.5","","cup","","","","","","","","","","USDA correspondence not selected.",""
"mexican-layer-dip","Mexican Layer Dip","15","1/2 cup diced onion","0.5","","cup","170000","Onions, raw","SR Legacy","2018-04","80","","85855","USDA average estimate: 1 cup, chopped = 160 g.","Draft computational correspondence, unreviewed. Onions, raw. Generic raw onion; red/yellow variety approximated by generic onion to retain compatible household portions. SR Legacy snapshot 2018-04; release age must be considered.","","https://fdc.nal.usda.gov/food-details/170000/nutrients"
"hummus","Hummus","8","2/3 cup dry or 1 1/2 cups cooked and drained garbanzo beans (chickpeas)","0.6666666666666666","","cup","","","","","","","","","","Raw/cooked alternative requires a preparation choice. USDA correspondence not selected.",""
"hummus","Hummus","8","Juice from 1 lemon","1","","count","167747","Lemon juice, raw","SR Legacy","2018-04","48","","81889","USDA average estimate: 1 lemon yields = 48 g.","Draft computational correspondence, unreviewed. Lemon juice, raw. Raw lemon juice, not whole fruit. SR Legacy snapshot 2018-04; release age must be considered.","","https://fdc.nal.usda.gov/food-details/167747/nutrients"
"hummus","Hummus","8","2 cloves garlic, minced","2","","clove","169230","Garlic, raw","SR Legacy","2018-04","6","","84480","USDA average estimate: 1 clove = 3 g.","Draft computational correspondence, unreviewed. Garlic, raw. Raw garlic; USDA generic clove is 3 g. Large/small clove and whole-head weights are not size-specific. SR Legacy snapshot 2018-04; release age must be considered.","","https://fdc.nal.usda.gov/food-details/169230/nutrients"
"hummus","Hummus","8","2 to 3 tablespoons tahini sauce","2","3","tbsp","","","","","","","","","","USDA correspondence not selected.",""
"hummus","Hummus","8","2 tablespoons onion, minced","2","","tbsp","170000","Onions, raw","SR Legacy","2018-04","20","","85855","USDA average estimate: 1 cup, chopped = 160 g. Household volume converted within this food only.","Draft computational correspondence, unreviewed. Onions, raw. Generic raw onion; red/yellow variety approximated by generic onion to retain compatible household portions. SR Legacy snapshot 2018-04; release age must be considered.","","https://fdc.nal.usda.gov/food-details/170000/nutrients"
"hummus","Hummus","8","2 tablespoons fresh parsley, minced","2","","tbsp","170416","Parsley, fresh","SR Legacy","2018-04","","","","","Draft computational correspondence, unreviewed. Parsley, fresh. Fresh parsley chopped; flat-leaf subtype approximated by generic fresh parsley. SR Legacy snapshot 2018-04; release age must be considered.","Preparation-specific household weight is unavailable; measure edible grams.","https://fdc.nal.usda.gov/food-details/170416/nutrients"
"hummus","Hummus","8","Pinch of salt","","","","173468","Salt, table","SR Legacy","2018-04","","","","","Draft computational correspondence, unreviewed. Salt, table. Table salt composition approximation; sea/kosher salt density differs, so volume for those qualifiers is unresolved. Pinch/to-taste has no invented gram weight. SR Legacy snapshot 2018-04; release age must be considered.","Unmeasured pinch, sprinkle or to-taste amount; weight unresolved. No measured quantity; weight unresolved. Measured weight requires source review.","https://fdc.nal.usda.gov/food-details/173468/nutrients"
"chili-lime-shrimp","Chili Lime Shrimp","4","¼ cup low-sodium or no-salt-added tomato paste","0.25","","cup","","","","","","","","","","USDA correspondence not selected.",""
"chili-lime-shrimp","Chili Lime Shrimp","4","1 clove garlic, minced","1","","clove","169230","Garlic, raw","SR Legacy","2018-04","3","","84480","USDA average estimate: 1 clove = 3 g.","Draft computational correspondence, unreviewed. Garlic, raw. Raw garlic; USDA generic clove is 3 g. Large/small clove and whole-head weights are not size-specific. SR Legacy snapshot 2018-04; release age must be considered.","","https://fdc.nal.usda.gov/food-details/169230/nutrients"
"chili-lime-shrimp","Chili Lime Shrimp","4","1 teaspoon chili powder","1","","tsp","171319","Spices, chili powder","SR Legacy","2018-04","2.7","","88427","USDA average estimate: 1 tsp = 2.7 g.","Draft computational correspondence, unreviewed. Spices, chili powder. Generic dried spice/seed or leavening agent; unspecified brand and grind approximated. SR Legacy snapshot 2018-04; release age must be considered.","","https://fdc.nal.usda.gov/food-details/171319/nutrients"
"chili-lime-shrimp","Chili Lime Shrimp","4","Vegetable oil cooking spray","","","","","","","","","","","","","No measured quantity; weight unresolved. USDA correspondence not selected.",""
"chili-lime-shrimp","Chili Lime Shrimp","4","1 pound fresh medium shrimp (16 to 20 count), peeled, deveined","1","","lb","","","","","","","","","","USDA correspondence not selected.",""
"chili-lime-shrimp","Chili Lime Shrimp","4","1 lime, cut into wedges","1","","count","168155","Limes, raw","SR Legacy","2018-04","67","","82570","USDA average estimate: 1 fruit (2"" dia) = 67 g.","Draft computational correspondence, unreviewed. Limes, raw. Whole edible lime; garnish amount consumed is unresolved. SR Legacy snapshot 2018-04; release age must be considered.","","https://fdc.nal.usda.gov/food-details/168155/nutrients"
"easy-bruschetta","Easy Bruschetta","8","1/2 cup red bell pepper, chopped","0.5","","cup","170108","Peppers, sweet, red, raw","SR Legacy","2018-04","74.5","","86062","USDA average estimate: 1 cup, chopped = 149 g.","Draft computational correspondence, unreviewed. Peppers, sweet, red, raw. Raw red sweet pepper. SR Legacy snapshot 2018-04; release age must be considered.","","https://fdc.nal.usda.gov/food-details/170108/nutrients"
"easy-bruschetta","Easy Bruschetta","8","1/2 cup dry-packed, sun-dried tomatoes, chopped","0.5","","cup","168567","Tomatoes, sun-dried","SR Legacy","2018-04","","","","","Draft computational correspondence, unreviewed. Tomatoes, sun-dried. Dry-packed sun-dried tomatoes, not fresh and not oil-packed. SR Legacy snapshot 2018-04; release age must be considered.","Preparation-specific household weight is unavailable; measure edible grams.","https://fdc.nal.usda.gov/food-details/168567/nutrients"
"easy-bruschetta","Easy Bruschetta","8","2 tablespoons grated Romano cheese","2","","tbsp","171249","Cheese, romano","SR Legacy","2018-04","","","","","Draft computational correspondence, unreviewed. Cheese, romano. Generic Romano; no USDA grated household tablespoon weight, so volume remains unresolved. SR Legacy snapshot 2018-04; release age must be considered.","Preparation-specific household weight is unavailable; measure edible grams.","https://fdc.nal.usda.gov/food-details/171249/nutrients"
"easy-bruschetta","Easy Bruschetta","8","2 tablespoons grated Parmesan cheese","2","","tbsp","171247","Cheese, parmesan, grated","SR Legacy","2018-04","10","","88262","USDA average estimate: 1 tbsp = 5 g.","Draft computational correspondence, unreviewed. Cheese, parmesan, grated. Generic grated Parmesan; freshly grated source approximated by USDA grated cheese. SR Legacy snapshot 2018-04; release age must be considered.","","https://fdc.nal.usda.gov/food-details/171247/nutrients"
"easy-bruschetta","Easy Bruschetta","8","1 tablespoon minced garlic","1","","tbsp","169230","Garlic, raw","SR Legacy","2018-04","8.399999999999999","","84479","USDA average estimate: 1 tsp = 2.8 g. Household volume converted within this food only.","Draft computational correspondence, unreviewed. Garlic, raw. Raw garlic; USDA generic clove is 3 g. Large/small clove and whole-head weights are not size-specific. SR Legacy snapshot 2018-04; release age must be considered.","","https://fdc.nal.usda.gov/food-details/169230/nutrients"
"easy-bruschetta","Easy Bruschetta","8","1 1/2 teaspoons dried basil leaves","1.5","","tsp","171317","Spices, basil, dried","SR Legacy","2018-04","","","","","Draft computational correspondence, unreviewed. Spices, basil, dried. Generic dried spice/seed or leavening agent; unspecified brand and grind approximated. SR Legacy snapshot 2018-04; release age must be considered.","Multiple household portion weights require an explicit choice.","https://fdc.nal.usda.gov/food-details/171317/nutrients"
"easy-bruschetta","Easy Bruschetta","8","1 1/2 teaspoons dried oregano leaves","1.5","","tsp","171328","Spices, oregano, dried","SR Legacy","2018-04","","","","","Draft computational correspondence, unreviewed. Spices, oregano, dried. Generic dried spice/seed or leavening agent; unspecified brand and grind approximated. SR Legacy snapshot 2018-04; release age must be considered.","Multiple household portion weights require an explicit choice.","https://fdc.nal.usda.gov/food-details/171328/nutrients"
"easy-bruschetta","Easy Bruschetta","8","1 baguette about 26 inches long, cut into 1/2-inch diagonal slices, toasted","1","","count","","","","","","","","","","USDA correspondence not selected.",""
"easy-bruschetta","Easy Bruschetta","8","1 can (14 1/2 ounces) low-sodium or no-salt-added petite diced tomatoes","1","","can","","","","","","","","","","USDA correspondence not selected.",""
"eggplant-vegetable-soup","Eggplant Vegetable Soup","12","1 pound 93 percent lean ground turkey","1","","lb","172850","Turkey, ground, 93% lean, 7% fat, raw","SR Legacy","2018-04","453.59237","","","Explicit source mass; exact unit conversion, edible yield not adjusted.","Draft computational correspondence, unreviewed. Turkey, ground, 93% lean, 7% fat, raw. 93% lean / 7% fat raw ground turkey. SR Legacy snapshot 2018-04; release age must be considered.","","https://fdc.nal.usda.gov/food-details/172850/nutrients"
"eggplant-vegetable-soup","Eggplant Vegetable Soup","12","1/2 cup onion, chopped","0.5","","cup","170000","Onions, raw","SR Legacy","2018-04","80","","85855","USDA average estimate: 1 cup, chopped = 160 g.","Draft computational correspondence, unreviewed. Onions, raw. Generic raw onion; red/yellow variety approximated by generic onion to retain compatible household portions. SR Legacy snapshot 2018-04; release age must be considered.","","https://fdc.nal.usda.gov/food-details/170000/nutrients"
"eggplant-vegetable-soup","Eggplant Vegetable Soup","12","1/2 cup celery, chopped","0.5","","cup","169988","Celery, raw","SR Legacy","2018-04","50.5","","85824","USDA average estimate: 1 cup chopped = 101 g.","Draft computational correspondence, unreviewed. Celery, raw. Raw celery stalks; leaves-only or alternative ingredient excluded. SR Legacy snapshot 2018-04; release age must be considered.","","https://fdc.nal.usda.gov/food-details/169988/nutrients"
"eggplant-vegetable-soup","Eggplant Vegetable Soup","12","1/2 cup carrots, chopped","0.5","","cup","170393","Carrots, raw","SR Legacy","2018-04","64","","86555","USDA average estimate: 1 cup chopped = 128 g.","Draft computational correspondence, unreviewed. Carrots, raw. Raw carrot, before recipe cooking. SR Legacy snapshot 2018-04; release age must be considered.","","https://fdc.nal.usda.gov/food-details/170393/nutrients"
"eggplant-vegetable-soup","Eggplant Vegetable Soup","12","1 can (28 ounces) low-sodium or no-salt-added crushed tomatoes with liquid","1","","can","","","","","","","","","","USDA correspondence not selected.",""
"eggplant-vegetable-soup","Eggplant Vegetable Soup","12","28 ounces low-sodium or no-salt-added beef broth","28","","oz","","","","","","","","","","USDA correspondence not selected.",""
"eggplant-vegetable-soup","Eggplant Vegetable Soup","12","1 medium eggplant, peeled and cubed","1","","count","169228","Eggplant, raw","SR Legacy","2018-04","","","","","Draft computational correspondence, unreviewed. Eggplant, raw. Raw eggplant before cooking; source medium count has no compatible size-specific USDA portion. SR Legacy snapshot 2018-04; release age must be considered.","Food count/size needs an explicit USDA portion selection.","https://fdc.nal.usda.gov/food-details/169228/nutrients"
"eggplant-vegetable-soup","Eggplant Vegetable Soup","12","1 clove garlic, minced","1","","clove","169230","Garlic, raw","SR Legacy","2018-04","3","","84480","USDA average estimate: 1 clove = 3 g.","Draft computational correspondence, unreviewed. Garlic, raw. Raw garlic; USDA generic clove is 3 g. Large/small clove and whole-head weights are not size-specific. SR Legacy snapshot 2018-04; release age must be considered.","","https://fdc.nal.usda.gov/food-details/169230/nutrients"
"eggplant-vegetable-soup","Eggplant Vegetable Soup","12","1/2 teaspoon salt","0.5","","tsp","173468","Salt, table","SR Legacy","2018-04","3","","92594","USDA average estimate: 1 tsp = 6 g.","Draft computational correspondence, unreviewed. Salt, table. Table salt composition approximation; sea/kosher salt density differs, so volume for those qualifiers is unresolved. Pinch/to-taste has no invented gram weight. SR Legacy snapshot 2018-04; release age must be considered.","","https://fdc.nal.usda.gov/food-details/173468/nutrients"
"eggplant-vegetable-soup","Eggplant Vegetable Soup","12","1 1/2 teaspoon ground nutmeg","1.5","","tsp","171326","Spices, nutmeg, ground","SR Legacy","2018-04","3.3000000000000003","","88441","USDA average estimate: 1 tsp = 2.2 g.","Draft computational correspondence, unreviewed. Spices, nutmeg, ground. Generic dried spice/seed or leavening agent; unspecified brand and grind approximated. SR Legacy snapshot 2018-04; release age must be considered.","","https://fdc.nal.usda.gov/food-details/171326/nutrients"
"eggplant-vegetable-soup","Eggplant Vegetable Soup","12","1/2 cup dry macaroni","0.5","","cup","169736","Pasta, dry, enriched","SR Legacy","2018-04","61","","85414","USDA average estimate: 1 cup elbows = 122 g.","Draft computational correspondence, unreviewed. Pasta, dry, enriched. Dry enriched macaroni approximation. SR Legacy snapshot 2018-04; release age must be considered.","","https://fdc.nal.usda.gov/food-details/169736/nutrients"
"eggplant-vegetable-soup","Eggplant Vegetable Soup","12","2 teaspoons dried parsley","2","","tsp","170930","Spices, parsley, dried","SR Legacy","2018-04","1","","87558","USDA average estimate: 1 tsp = 0.5 g.","Draft computational correspondence, unreviewed. Spices, parsley, dried. Dried parsley, not fresh parsley. SR Legacy snapshot 2018-04; release age must be considered.","","https://fdc.nal.usda.gov/food-details/170930/nutrients"
"eggplant-vegetable-soup","Eggplant Vegetable Soup","12","Pepper to taste","","","","170931","Spices, pepper, black","SR Legacy","2018-04","","","","","Draft computational correspondence, unreviewed. Spices, pepper, black. Generic dried spice/seed or leavening agent; unspecified brand and grind approximated. SR Legacy snapshot 2018-04; release age must be considered.","Unmeasured pinch, sprinkle or to-taste amount; weight unresolved. No measured quantity; weight unresolved. Measured weight requires source review.","https://fdc.nal.usda.gov/food-details/170931/nutrients"
"eggplant-vegetable-soup","Eggplant Vegetable Soup","12","3/4 cup grated Parmesan cheese for garnish","0.75","","cup","171247","Cheese, parmesan, grated","SR Legacy","2018-04","75","","88261","USDA average estimate: 1 cup = 100 g.","Draft computational correspondence, unreviewed. Cheese, parmesan, grated. Generic grated Parmesan; freshly grated source approximated by USDA grated cheese. SR Legacy snapshot 2018-04; release age must be considered.","","https://fdc.nal.usda.gov/food-details/171247/nutrients"
"turkey-vegetable-soup","Turkey Vegetable Soup","12","1/4 cup unsalted butter","0.25","","cup","173430","Butter, without salt","SR Legacy","2018-04","56.75","","92513","USDA average estimate: 1 cup = 227 g.","Draft computational correspondence, unreviewed. Butter, without salt. Unsalted butter, not salted. SR Legacy snapshot 2018-04; release age must be considered.","","https://fdc.nal.usda.gov/food-details/173430/nutrients"
"turkey-vegetable-soup","Turkey Vegetable Soup","12","2 medium onions, chopped","2","","count","170000","Onions, raw","SR Legacy","2018-04","220","","85860","USDA average estimate: 1 medium (2-1/2"" dia) = 110 g.","Draft computational correspondence, unreviewed. Onions, raw. Generic raw onion; red/yellow variety approximated by generic onion to retain compatible household portions. SR Legacy snapshot 2018-04; release age must be considered.","","https://fdc.nal.usda.gov/food-details/170000/nutrients"
"turkey-vegetable-soup","Turkey Vegetable Soup","12","2 tablespoons flour","2","","tbsp","168936","Wheat flour, white, all-purpose, enriched, unbleached","SR Legacy","2018-04","15.625","","84024","USDA average estimate: 1 cup = 125 g. Household volume converted within this food only.","Draft computational correspondence, unreviewed. Wheat flour, white, all-purpose, enriched, unbleached. All-purpose white enriched unbleached wheat flour approximation; brand/enrichment unspecified. SR Legacy snapshot 2018-04; release age must be considered.","","https://fdc.nal.usda.gov/food-details/168936/nutrients"
"turkey-vegetable-soup","Turkey Vegetable Soup","12","1 1/2 teaspoon low-sodium curry powder","1.5","","tsp","","","","","","","","","","USDA correspondence not selected.",""
"turkey-vegetable-soup","Turkey Vegetable Soup","12","3 cups low-sodium chicken broth","3","","cup","","","","","","","","","","USDA correspondence not selected.",""
"turkey-vegetable-soup","Turkey Vegetable Soup","12","1 cup potatoes, chopped","1","","cup","","","","","","","","","","USDA correspondence not selected.",""
"turkey-vegetable-soup","Turkey Vegetable Soup","12","1/2 cup celery, chopped","0.5","","cup","169988","Celery, raw","SR Legacy","2018-04","50.5","","85824","USDA average estimate: 1 cup chopped = 101 g.","Draft computational correspondence, unreviewed. Celery, raw. Raw celery stalks; leaves-only or alternative ingredient excluded. SR Legacy snapshot 2018-04; release age must be considered.","","https://fdc.nal.usda.gov/food-details/169988/nutrients"
"turkey-vegetable-soup","Turkey Vegetable Soup","12","1/2 cup carrots, chopped","0.5","","cup","170393","Carrots, raw","SR Legacy","2018-04","64","","86555","USDA average estimate: 1 cup chopped = 128 g.","Draft computational correspondence, unreviewed. Carrots, raw. Raw carrot, before recipe cooking. SR Legacy snapshot 2018-04; release age must be considered.","","https://fdc.nal.usda.gov/food-details/170393/nutrients"
"turkey-vegetable-soup","Turkey Vegetable Soup","12","2 tablespoons fresh parsley, chopped","2","","tbsp","170416","Parsley, fresh","SR Legacy","2018-04","7.5","","86607","USDA average estimate: 1 cup chopped = 60 g. Household volume converted within this food only.","Draft computational correspondence, unreviewed. Parsley, fresh. Fresh parsley chopped; flat-leaf subtype approximated by generic fresh parsley. SR Legacy snapshot 2018-04; release age must be considered.","","https://fdc.nal.usda.gov/food-details/170416/nutrients"
"turkey-vegetable-soup","Turkey Vegetable Soup","12","1/2 teaspoon fresh sage, chopped","0.5","","tsp","","","","","","","","","","USDA correspondence not selected.",""
"turkey-vegetable-soup","Turkey Vegetable Soup","12","2 pounds cooked 93 percent lean ground turkey","2","","lb","746785","Turkey, ground, 93% lean, 7% fat, pan-broiled crumbles","Foundation","2026-04","907.18474","","","Explicit source mass; exact unit conversion, edible yield not adjusted.","Draft computational correspondence, unreviewed. Turkey, ground, 93% lean, 7% fat, pan-broiled crumbles. 93% lean turkey cooked pan-broiled crumbles approximation; direct pound weight. Foundation snapshot 2026-04; release age must be considered.","","https://fdc.nal.usda.gov/food-details/746785/nutrients"
"turkey-vegetable-soup","Turkey Vegetable Soup","12","1 1/2 cups milk","1.5","","cup","","","","","","","","","","USDA correspondence not selected.",""
"turkey-vegetable-soup","Turkey Vegetable Soup","12","10 ounces frozen chopped spinach","10","","oz","169287","Spinach, frozen, chopped or leaf, unprepared (Includes foods for USDA's Food Distribution Program)","SR Legacy","2018-04","283.49523125","","","Explicit source mass; exact unit conversion, edible yield not adjusted.","Draft computational correspondence, unreviewed. Spinach, frozen, chopped or leaf, unprepared (Includes foods for USDA's Food Distribution Program). Frozen spinach unprepared, not cooked drained spinach. SR Legacy snapshot 2018-04; release age must be considered.","","https://fdc.nal.usda.gov/food-details/169287/nutrients"
"turkey-vegetable-soup","Turkey Vegetable Soup","12","Pepper to taste","","","","170931","Spices, pepper, black","SR Legacy","2018-04","","","","","Draft computational correspondence, unreviewed. Spices, pepper, black. Generic dried spice/seed or leavening agent; unspecified brand and grind approximated. SR Legacy snapshot 2018-04; release age must be considered.","Unmeasured pinch, sprinkle or to-taste amount; weight unresolved. No measured quantity; weight unresolved. Measured weight requires source review.","https://fdc.nal.usda.gov/food-details/170931/nutrients"
"ginger-pork-soup","Ginger Pork Soup","8","1 tablespoon olive oil","1","","tbsp","171413","Oil, olive, salad or cooking","SR Legacy","2018-04","13.5","","88667","USDA average estimate: 1 tablespoon = 13.5 g.","Draft computational correspondence, unreviewed. Oil, olive, salad or cooking. Generic olive oil approximation; extra-virgin/light qualifiers affect composition. SR household portions retained because Foundation oil has no normalized nutrient totals. SR Legacy snapshot 2018-04; release age must be considered.","","https://fdc.nal.usda.gov/food-details/171413/nutrients"
"ginger-pork-soup","Ginger Pork Soup","8","12 ounces lean boneless pork, cut into thin pieces","12","","oz","","","","","","","","","","USDA correspondence not selected.",""
"ginger-pork-soup","Ginger Pork Soup","8","2 cups shiitake mushrooms, sliced","2","","cup","169242","Mushrooms, shiitake, raw","SR Legacy","2018-04","","","","","Draft computational correspondence, unreviewed. Mushrooms, shiitake, raw. Raw shiitake mushrooms; sliced cup has no compatible USDA portion. SR Legacy snapshot 2018-04; release age must be considered.","Preparation-specific household weight is unavailable; measure edible grams.","https://fdc.nal.usda.gov/food-details/169242/nutrients"
"ginger-pork-soup","Ginger Pork Soup","8","2 cloves garlic, minced","2","","clove","169230","Garlic, raw","SR Legacy","2018-04","6","","84480","USDA average estimate: 1 clove = 3 g.","Draft computational correspondence, unreviewed. Garlic, raw. Raw garlic; USDA generic clove is 3 g. Large/small clove and whole-head weights are not size-specific. SR Legacy snapshot 2018-04; release age must be considered.","","https://fdc.nal.usda.gov/food-details/169230/nutrients"
"ginger-pork-soup","Ginger Pork Soup","8","32 ounces low-sodium chicken broth or see Basic Chicken Stock recipe on page 108","32","","oz","","","","","","","","","","USDA correspondence not selected.",""
"ginger-pork-soup","Ginger Pork Soup","8","2 tablespoons dry sherry","2","","tbsp","175112","Alcoholic beverage, wine, dessert, dry","SR Legacy","2018-04","","","","","Draft computational correspondence, unreviewed. Alcoholic beverage, wine, dessert, dry. Dry dessert wine approximation for dry sherry. SR Legacy snapshot 2018-04; release age must be considered.","USDA portion unit is incompatible with the source amount.","https://fdc.nal.usda.gov/food-details/175112/nutrients"
"ginger-pork-soup","Ginger Pork Soup","8","2 tablespoons low-sodium soy sauce","2","","tbsp","172473","Soy sauce made from soy and wheat (shoyu), low sodium","SR Legacy","2018-04","28.4","","90677","USDA average estimate: 1 tbsp = 14.2 g.","Draft computational correspondence, unreviewed. Soy sauce made from soy and wheat (shoyu), low sodium. Generic low-sodium shoyu; product-specific reduction varies, not regular soy sauce. SR Legacy snapshot 2018-04; release age must be considered.","","https://fdc.nal.usda.gov/food-details/172473/nutrients"
"ginger-pork-soup","Ginger Pork Soup","8","2 teaspoons fresh ginger","2","","tsp","169231","Ginger root, raw","SR Legacy","2018-04","4","","84482","USDA average estimate: 1 tsp = 2 g.","Draft computational correspondence, unreviewed. Ginger root, raw. Raw fresh ginger root; chopped/grated bulk density approximated by generic teaspoon. SR Legacy snapshot 2018-04; release age must be considered.","","https://fdc.nal.usda.gov/food-details/169231/nutrients"
"ginger-pork-soup","Ginger Pork Soup","8","1/2 teaspoon crushed red pepper","0.5","","tsp","","","","","","","","","","USDA correspondence not selected.",""
"ginger-pork-soup","Ginger Pork Soup","8","2 cups Chinese cabbage, thinly sliced","2","","cup","","","","","","","","","","USDA correspondence not selected.",""
"ginger-pork-soup","Ginger Pork Soup","8","1 scallion, thinly sliced","1","","count","170005","Onions, spring or scallions (includes tops and bulb), raw","SR Legacy","2018-04","","","","","Draft computational correspondence, unreviewed. Onions, spring or scallions (includes tops and bulb), raw. Raw scallions including white and green parts. SR Legacy snapshot 2018-04; release age must be considered.","Food count/size needs an explicit USDA portion selection.","https://fdc.nal.usda.gov/food-details/170005/nutrients"
"creamy-carrot-thyme-soup","Creamy Carrot Thyme Soup","12","3 pounds baby carrots or carrot chunks, peeled","3","","lb","","","","","","","","","","USDA correspondence not selected.",""
"creamy-carrot-thyme-soup","Creamy Carrot Thyme Soup","12","8 cups low-sodium vegetable or chicken broth (see page 108 for recipe)","8","","cup","","","","","","","","","","USDA correspondence not selected.",""
"creamy-carrot-thyme-soup","Creamy Carrot Thyme Soup","12","2 sprigs fresh thyme","2","","count","173470","Thyme, fresh","SR Legacy","2018-04","","","","","Draft computational correspondence, unreviewed. Thyme, fresh. Fresh thyme; source sprigs have no compatible USDA mass. SR Legacy snapshot 2018-04; release age must be considered.","Food count/size needs an explicit USDA portion selection.","https://fdc.nal.usda.gov/food-details/173470/nutrients"
"creamy-carrot-thyme-soup","Creamy Carrot Thyme Soup","12","1/2 teaspoon ground ginger","0.5","","tsp","170926","Spices, ginger, ground","SR Legacy","2018-04","0.9","","87550","USDA average estimate: 1 tsp = 1.8 g.","Draft computational correspondence, unreviewed. Spices, ginger, ground. Dried ground ginger, not fresh root. SR Legacy snapshot 2018-04; release age must be considered.","","https://fdc.nal.usda.gov/food-details/170926/nutrients"
"creamy-carrot-thyme-soup","Creamy Carrot Thyme Soup","12","1/3 cup honey","0.3333333333333333","","cup","169640","Honey","SR Legacy","2018-04","113","","85264","USDA average estimate: 1 cup = 339 g.","Draft computational correspondence, unreviewed. Honey. Honey; source unspecified honey variety. SR Legacy snapshot 2018-04; release age must be considered.","","https://fdc.nal.usda.gov/food-details/169640/nutrients"
"creamy-carrot-thyme-soup","Creamy Carrot Thyme Soup","12","1/3 cup heavy cream","0.3333333333333333","","cup","170859","Cream, fluid, heavy whipping","SR Legacy","2018-04","79.33333333333333","","87433","USDA average estimate: 1 cup, fluid (yields 2 cups whipped) = 238 g.","Draft computational correspondence, unreviewed. Cream, fluid, heavy whipping. Fluid heavy whipping cream. SR Legacy snapshot 2018-04; release age must be considered.","","https://fdc.nal.usda.gov/food-details/170859/nutrients"
"creamy-carrot-thyme-soup","Creamy Carrot Thyme Soup","12","Pepper to taste","","","","170931","Spices, pepper, black","SR Legacy","2018-04","","","","","Draft computational correspondence, unreviewed. Spices, pepper, black. Generic dried spice/seed or leavening agent; unspecified brand and grind approximated. SR Legacy snapshot 2018-04; release age must be considered.","Unmeasured pinch, sprinkle or to-taste amount; weight unresolved. No measured quantity; weight unresolved. Measured weight requires source review.","https://fdc.nal.usda.gov/food-details/170931/nutrients"
"beef-chili","Beef Chili","8","1/2 cup onion, chopped","0.5","","cup","170000","Onions, raw","SR Legacy","2018-04","80","","85855","USDA average estimate: 1 cup, chopped = 160 g.","Draft computational correspondence, unreviewed. Onions, raw. Generic raw onion; red/yellow variety approximated by generic onion to retain compatible household portions. SR Legacy snapshot 2018-04; release age must be considered.","","https://fdc.nal.usda.gov/food-details/170000/nutrients"
"beef-chili","Beef Chili","8","1 large (11 to 12 inches) stalk of celery","1","","count","169988","Celery, raw","SR Legacy","2018-04","","","","","Draft computational correspondence, unreviewed. Celery, raw. Raw celery stalks; leaves-only or alternative ingredient excluded. SR Legacy snapshot 2018-04; release age must be considered.","USDA portion unit is incompatible with the source amount.","https://fdc.nal.usda.gov/food-details/169988/nutrients"
"beef-chili","Beef Chili","8","1/2 cup green bell pepper, chopped","0.5","","cup","170427","Peppers, sweet, green, raw","SR Legacy","2018-04","74.5","","86623","USDA average estimate: 1 cup, chopped = 149 g.","Draft computational correspondence, unreviewed. Peppers, sweet, green, raw. Raw green sweet pepper. SR Legacy snapshot 2018-04; release age must be considered.","","https://fdc.nal.usda.gov/food-details/170427/nutrients"
"beef-chili","Beef Chili","8","1 1/2 pounds 85 percent or leaner ground beef","1.5","","lb","171796","Beef, ground, 85% lean meat / 15% fat, raw (Includes foods for USDA's Food Distribution Program)","SR Legacy","2018-04","680.388555","","","Explicit source mass; exact unit conversion, edible yield not adjusted.","Draft computational correspondence, unreviewed. Beef, ground, 85% lean meat / 15% fat, raw (Includes foods for USDA's Food Distribution Program). Raw 85% lean / 15% fat selected at stated lower lean bound; leaner choice changes totals. SR Legacy snapshot 2018-04; release age must be considered.","","https://fdc.nal.usda.gov/food-details/171796/nutrients"
"beef-chili","Beef Chili","8","16 ounces low-sodium stewed tomatoes","16","","oz","","","","","","","","","","USDA correspondence not selected.",""
"beef-chili","Beef Chili","8","1 tablespoon canola oil","1","","tbsp","172336","Oil, canola","SR Legacy","2018-04","14","","90374","USDA average estimate: 1 tbsp = 14 g.","Draft computational correspondence, unreviewed. Oil, canola. Generic commodity approximation; cultivar, brand and batch can vary. SR Legacy snapshot 2018-04; release age must be considered.","","https://fdc.nal.usda.gov/food-details/172336/nutrients"
"beef-chili","Beef Chili","8","2 tablespoons chili powder","2","","tbsp","171319","Spices, chili powder","SR Legacy","2018-04","16","","88428","USDA average estimate: 1 tbsp = 8 g.","Draft computational correspondence, unreviewed. Spices, chili powder. Generic dried spice/seed or leavening agent; unspecified brand and grind approximated. SR Legacy snapshot 2018-04; release age must be considered.","","https://fdc.nal.usda.gov/food-details/171319/nutrients"
"beef-chili","Beef Chili","8","1 1/2 cup water","1.5","","cup","174158","Water, bottled, generic","SR Legacy","2018-04","355.5","","93846","USDA average estimate: 1 cup = 237 g.","Draft computational correspondence, unreviewed. Water, bottled, generic. Plain water; generic bottled water mineral composition is an approximation. SR Legacy snapshot 2018-04; release age must be considered.","","https://fdc.nal.usda.gov/food-details/174158/nutrients"
"strawberry-spinach-salad","Strawberry Spinach Salad","6","3 cups fresh spinach or","3","","cup","","","","","","","","","","USDA correspondence not selected.",""
"strawberry-spinach-salad","Strawberry Spinach Salad","6","6-ounce package of pre-washed spinach","","","","168462","Spinach, raw","SR Legacy","2018-04","","","","","Draft computational correspondence, unreviewed. Spinach, raw. Raw spinach; baby leaves approximated by generic raw spinach household cup. SR Legacy snapshot 2018-04; release age must be considered.","No measured quantity; weight unresolved. Measured weight requires source review.","https://fdc.nal.usda.gov/food-details/168462/nutrients"
"strawberry-spinach-salad","Strawberry Spinach Salad","6","1 cup fresh strawberries, finely sliced","1","","cup","167762","Strawberries, raw","SR Legacy","2018-04","166","","81921","USDA average estimate: 1 cup, sliced = 166 g.","Draft computational correspondence, unreviewed. Strawberries, raw. Raw strawberries edible fruit. SR Legacy snapshot 2018-04; release age must be considered.","","https://fdc.nal.usda.gov/food-details/167762/nutrients"
"strawberry-spinach-salad","Strawberry Spinach Salad","6","1 tablespoon red wine vinegar","1","","tbsp","172240","Vinegar, red wine","SR Legacy","2018-04","14.9","","90142","USDA average estimate: 1 tbsp = 14.9 g.","Draft computational correspondence, unreviewed. Vinegar, red wine. Red wine vinegar. SR Legacy snapshot 2018-04; release age must be considered.","","https://fdc.nal.usda.gov/food-details/172240/nutrients"
"strawberry-spinach-salad","Strawberry Spinach Salad","6","1 tablespoon fresh lemon juice","1","","tbsp","167747","Lemon juice, raw","SR Legacy","2018-04","15.25","","81887","USDA average estimate: 1 cup = 244 g. Household volume converted within this food only.","Draft computational correspondence, unreviewed. Lemon juice, raw. Raw lemon juice, not whole fruit. SR Legacy snapshot 2018-04; release age must be considered.","","https://fdc.nal.usda.gov/food-details/167747/nutrients"
"strawberry-spinach-salad","Strawberry Spinach Salad","6","2 tablespoons honey","2","","tbsp","169640","Honey","SR Legacy","2018-04","42","","85265","USDA average estimate: 1 tbsp = 21 g.","Draft computational correspondence, unreviewed. Honey. Honey; source unspecified honey variety. SR Legacy snapshot 2018-04; release age must be considered.","","https://fdc.nal.usda.gov/food-details/169640/nutrients"
"strawberry-spinach-salad","Strawberry Spinach Salad","6","1/8 teaspoon dry mustard","0.125","","tsp","170929","Spices, mustard seed, ground","SR Legacy","2018-04","0.25","","87556","USDA average estimate: 1 tsp = 2 g.","Draft computational correspondence, unreviewed. Spices, mustard seed, ground. Generic dried spice/seed or leavening agent; unspecified brand and grind approximated. SR Legacy snapshot 2018-04; release age must be considered.","","https://fdc.nal.usda.gov/food-details/170929/nutrients"
"strawberry-spinach-salad","Strawberry Spinach Salad","6","3 tablespoons olive oil","3","","tbsp","171413","Oil, olive, salad or cooking","SR Legacy","2018-04","40.5","","88667","USDA average estimate: 1 tablespoon = 13.5 g.","Draft computational correspondence, unreviewed. Oil, olive, salad or cooking. Generic olive oil approximation; extra-virgin/light qualifiers affect composition. SR household portions retained because Foundation oil has no normalized nutrient totals. SR Legacy snapshot 2018-04; release age must be considered.","","https://fdc.nal.usda.gov/food-details/171413/nutrients"
"roasted-corn-and-edamame-salad","Roasted Corn and Edamame Salad","6","2 ears fresh corn, unhusked, or","2","","count","","","","","","","","","","USDA correspondence not selected.",""
"roasted-corn-and-edamame-salad","Roasted Corn and Edamame Salad","6","1 1/4 cups cooked corn kernels","1.25","","cup","","","","","","","","","","USDA correspondence not selected.",""
"roasted-corn-and-edamame-salad","Roasted Corn and Edamame Salad","6","1/2 cup edamame, shelled","0.5","","cup","","","","","","","","","","USDA correspondence not selected.",""
"roasted-corn-and-edamame-salad","Roasted Corn and Edamame Salad","6","1/4 cup red onion, chopped","0.25","","cup","170000","Onions, raw","SR Legacy","2018-04","40","","85855","USDA average estimate: 1 cup, chopped = 160 g.","Draft computational correspondence, unreviewed. Onions, raw. Generic raw onion; red/yellow variety approximated by generic onion to retain compatible household portions. SR Legacy snapshot 2018-04; release age must be considered.","","https://fdc.nal.usda.gov/food-details/170000/nutrients"
"roasted-corn-and-edamame-salad","Roasted Corn and Edamame Salad","6","1/4 cup red bell pepper, diced small","0.25","","cup","170108","Peppers, sweet, red, raw","SR Legacy","2018-04","37.25","","86062","USDA average estimate: 1 cup, chopped = 149 g.","Draft computational correspondence, unreviewed. Peppers, sweet, red, raw. Raw red sweet pepper. SR Legacy snapshot 2018-04; release age must be considered.","","https://fdc.nal.usda.gov/food-details/170108/nutrients"
"roasted-corn-and-edamame-salad","Roasted Corn and Edamame Salad","6","1 tablespoon fresh cilantro, finely chopped","1","","tbsp","169997","Coriander (cilantro) leaves, raw","SR Legacy","2018-04","","","","","Draft computational correspondence, unreviewed. Coriander (cilantro) leaves, raw. Fresh cilantro leaves; chopped volume approximated by USDA raw leaves cup. SR Legacy snapshot 2018-04; release age must be considered.","Preparation-specific household weight is unavailable; measure edible grams.","https://fdc.nal.usda.gov/food-details/169997/nutrients"
"roasted-corn-and-edamame-salad","Roasted Corn and Edamame Salad","6","1 tablespoon light mayonnaise","1","","tbsp","173594","Salad dressing, mayonnaise, light","SR Legacy","2018-04","15","","92896","USDA average estimate: 1 tablespoon = 15 g.","Draft computational correspondence, unreviewed. Salad dressing, mayonnaise, light. Light mayonnaise approximation; exact low-fat formulation unspecified. SR Legacy snapshot 2018-04; release age must be considered.","","https://fdc.nal.usda.gov/food-details/173594/nutrients"
"roasted-corn-and-edamame-salad","Roasted Corn and Edamame Salad","6","1 tablespoon fresh lemon juice","1","","tbsp","167747","Lemon juice, raw","SR Legacy","2018-04","15.25","","81887","USDA average estimate: 1 cup = 244 g. Household volume converted within this food only.","Draft computational correspondence, unreviewed. Lemon juice, raw. Raw lemon juice, not whole fruit. SR Legacy snapshot 2018-04; release age must be considered.","","https://fdc.nal.usda.gov/food-details/167747/nutrients"
"roasted-corn-and-edamame-salad","Roasted Corn and Edamame Salad","6","1 1/2 teaspoon ginger, finely chopped or grated","1.5","","tsp","169231","Ginger root, raw","SR Legacy","2018-04","","","","","Draft computational correspondence, unreviewed. Ginger root, raw. Raw fresh ginger root; chopped/grated bulk density approximated by generic teaspoon. SR Legacy snapshot 2018-04; release age must be considered.","Preparation-specific household weight is unavailable; measure edible grams.","https://fdc.nal.usda.gov/food-details/169231/nutrients"
"roasted-corn-and-edamame-salad","Roasted Corn and Edamame Salad","6","1/8 teaspoon salt","0.125","","tsp","173468","Salt, table","SR Legacy","2018-04","0.75","","92594","USDA average estimate: 1 tsp = 6 g.","Draft computational correspondence, unreviewed. Salt, table. Table salt composition approximation; sea/kosher salt density differs, so volume for those qualifiers is unresolved. Pinch/to-taste has no invented gram weight. SR Legacy snapshot 2018-04; release age must be considered.","","https://fdc.nal.usda.gov/food-details/173468/nutrients"
"roasted-corn-and-edamame-salad","Roasted Corn and Edamame Salad","6","1/8 teaspoon freshly ground black pepper","0.125","","tsp","170931","Spices, pepper, black","SR Legacy","2018-04","0.2875","","87560","USDA average estimate: 1 tsp, ground = 2.3 g.","Draft computational correspondence, unreviewed. Spices, pepper, black. Generic dried spice/seed or leavening agent; unspecified brand and grind approximated. SR Legacy snapshot 2018-04; release age must be considered.","","https://fdc.nal.usda.gov/food-details/170931/nutrients"
"summertime-salad","Summertime Salad","6","Salad:","","","","","","","","","","","","","",""
"summertime-salad","Summertime Salad","6","6 cups spring lettuce mix, loosely packed","6","","cup","","","","","","","","","","USDA correspondence not selected.",""
"summertime-salad","Summertime Salad","6","2 cups seedless grapes, halved","2","","cup","174683","Grapes, red or green (European type, such as Thompson seedless), raw","SR Legacy","2018-04","302","","94748","USDA average estimate: 1 cup = 151 g.","Draft computational correspondence, unreviewed. Grapes, red or green (European type, such as Thompson seedless), raw. Raw European red/green seedless grapes; halved cup approximated by whole-fruit cup. SR Legacy snapshot 2018-04; release age must be considered.","","https://fdc.nal.usda.gov/food-details/174683/nutrients"
"summertime-salad","Summertime Salad","6","1 avocado, peeled, pitted and diced","1","","count","171705","Avocados, raw, all commercial varieties","SR Legacy","2018-04","201","","89226","USDA average estimate: 1 avocado, NS as to Florida or California = 201 g.","Draft computational correspondence, unreviewed. Avocados, raw, all commercial varieties. Raw avocado all varieties; USDA average edible fruit approximation. SR Legacy snapshot 2018-04; release age must be considered.","","https://fdc.nal.usda.gov/food-details/171705/nutrients"
"summertime-salad","Summertime Salad","6","Creamy Poppy Seed dressing:","","","","","","","","","","","","","",""
"summertime-salad","Summertime Salad","6","3 tablespoons apple cider vinegar","3","","tbsp","173469","Vinegar, cider","SR Legacy","2018-04","44.7","","92598","USDA average estimate: 1 tbsp = 14.9 g.","Draft computational correspondence, unreviewed. Vinegar, cider. Apple cider vinegar, not apple juice. SR Legacy snapshot 2018-04; release age must be considered.","","https://fdc.nal.usda.gov/food-details/173469/nutrients"
"summertime-salad","Summertime Salad","6","¼ cup sugar","0.25","","cup","746784","Sugars, granulated","Foundation","2026-04","47","","187534","USDA average estimate: 1 cup = 188 g.","Draft computational correspondence, unreviewed. Sugars, granulated. Foundation granulated sugar; source ordinary sugar assumed granulated. Foundation snapshot 2026-04; release age must be considered.","","https://fdc.nal.usda.gov/food-details/746784/nutrients"
"summertime-salad","Summertime Salad","6","1 tablespoon onion, finely chopped","1","","tbsp","170000","Onions, raw","SR Legacy","2018-04","10","","85855","USDA average estimate: 1 cup, chopped = 160 g. Household volume converted within this food only.","Draft computational correspondence, unreviewed. Onions, raw. Generic raw onion; red/yellow variety approximated by generic onion to retain compatible household portions. SR Legacy snapshot 2018-04; release age must be considered.","","https://fdc.nal.usda.gov/food-details/170000/nutrients"
"summertime-salad","Summertime Salad","6","1/8 teaspoon dry mustard","0.125","","tsp","170929","Spices, mustard seed, ground","SR Legacy","2018-04","0.25","","87556","USDA average estimate: 1 tsp = 2 g.","Draft computational correspondence, unreviewed. Spices, mustard seed, ground. Generic dried spice/seed or leavening agent; unspecified brand and grind approximated. SR Legacy snapshot 2018-04; release age must be considered.","","https://fdc.nal.usda.gov/food-details/170929/nutrients"
"summertime-salad","Summertime Salad","6","1/2 cup goat cheese, crumbled","0.5","","cup","","","","","","","","","","USDA correspondence not selected.",""
"summertime-salad","Summertime Salad","6","1/2 cup walnuts, toasted and chopped","0.5","","cup","","","","","","","","","","USDA correspondence not selected.",""
"summertime-salad","Summertime Salad","6","¼ cup red onion, thinly sliced","0.25","","cup","170000","Onions, raw","SR Legacy","2018-04","28.75","","85856","USDA average estimate: 1 cup, sliced = 115 g.","Draft computational correspondence, unreviewed. Onions, raw. Generic raw onion; red/yellow variety approximated by generic onion to retain compatible household portions. SR Legacy snapshot 2018-04; release age must be considered.","","https://fdc.nal.usda.gov/food-details/170000/nutrients"
"summertime-salad","Summertime Salad","6","1/8 teaspoon salt","0.125","","tsp","173468","Salt, table","SR Legacy","2018-04","0.75","","92594","USDA average estimate: 1 tsp = 6 g.","Draft computational correspondence, unreviewed. Salt, table. Table salt composition approximation; sea/kosher salt density differs, so volume for those qualifiers is unresolved. Pinch/to-taste has no invented gram weight. SR Legacy snapshot 2018-04; release age must be considered.","","https://fdc.nal.usda.gov/food-details/173468/nutrients"
"summertime-salad","Summertime Salad","6","3 tablespoons light mayonnaise","3","","tbsp","173594","Salad dressing, mayonnaise, light","SR Legacy","2018-04","45","","92896","USDA average estimate: 1 tablespoon = 15 g.","Draft computational correspondence, unreviewed. Salad dressing, mayonnaise, light. Light mayonnaise approximation; exact low-fat formulation unspecified. SR Legacy snapshot 2018-04; release age must be considered.","","https://fdc.nal.usda.gov/food-details/173594/nutrients"
"summertime-salad","Summertime Salad","6","1 tablespoon freshly squeezed orange juice","1","","tbsp","169098","Orange juice, raw (Includes foods for USDA's Food Distribution Program)","SR Legacy","2018-04","15.5","","84231","USDA average estimate: 1 cup = 248 g. Household volume converted within this food only.","Draft computational correspondence, unreviewed. Orange juice, raw (Includes foods for USDA's Food Distribution Program). Raw orange juice approximation; source generic juice is treated as unfortified raw juice. SR Legacy snapshot 2018-04; release age must be considered.","","https://fdc.nal.usda.gov/food-details/169098/nutrients"
"summertime-salad","Summertime Salad","6","3 tablespoons vegetable oil","3","","tbsp","","","","","","","","","","USDA correspondence not selected.",""
"summertime-salad","Summertime Salad","6","½ teaspoon poppy seeds","0.5","","tsp","171330","Spices, poppy seed","SR Legacy","2018-04","1.4","","88449","USDA average estimate: 1 tsp = 2.8 g.","Draft computational correspondence, unreviewed. Spices, poppy seed. Generic dried spice/seed or leavening agent; unspecified brand and grind approximated. SR Legacy snapshot 2018-04; release age must be considered.","","https://fdc.nal.usda.gov/food-details/171330/nutrients"
"zucchini-ribbon-salad","Zucchini-Ribbon Salad","6","2 medium zucchini","2","","count","169291","Squash, summer, zucchini, includes skin, raw","SR Legacy","2018-04","392","","84610","USDA average estimate: 1 medium = 196 g.","Draft computational correspondence, unreviewed. Squash, summer, zucchini, includes skin, raw. Raw zucchini including skin. SR Legacy snapshot 2018-04; release age must be considered.","","https://fdc.nal.usda.gov/food-details/169291/nutrients"
"zucchini-ribbon-salad","Zucchini-Ribbon Salad","6","2 medium yellow squash","2","","count","168464","Squash, summer, crookneck and straightneck, raw","SR Legacy","2018-04","","","","","Draft computational correspondence, unreviewed. Squash, summer, crookneck and straightneck, raw. Raw yellow crookneck/straightneck summer squash; count size not resolved by USDA. SR Legacy snapshot 2018-04; release age must be considered.","Food count/size needs an explicit USDA portion selection.","https://fdc.nal.usda.gov/food-details/168464/nutrients"
"zucchini-ribbon-salad","Zucchini-Ribbon Salad","6","3 tablespoons low-sodium soy sauce","3","","tbsp","172473","Soy sauce made from soy and wheat (shoyu), low sodium","SR Legacy","2018-04","42.599999999999994","","90677","USDA average estimate: 1 tbsp = 14.2 g.","Draft computational correspondence, unreviewed. Soy sauce made from soy and wheat (shoyu), low sodium. Generic low-sodium shoyu; product-specific reduction varies, not regular soy sauce. SR Legacy snapshot 2018-04; release age must be considered.","","https://fdc.nal.usda.gov/food-details/172473/nutrients"
"zucchini-ribbon-salad","Zucchini-Ribbon Salad","6","2 tablespoons rice wine vinegar","2","","tbsp","","","","","","","","","","USDA correspondence not selected.",""
"zucchini-ribbon-salad","Zucchini-Ribbon Salad","6","1 tablespoon sesame oil","1","","tbsp","171016","Oil, sesame, salad or cooking","SR Legacy","2018-04","13.6","","87777","USDA average estimate: 1 tablespoon = 13.6 g.","Draft computational correspondence, unreviewed. Oil, sesame, salad or cooking. Sesame salad/cooking oil, not sesame seeds. SR Legacy snapshot 2018-04; release age must be considered.","","https://fdc.nal.usda.gov/food-details/171016/nutrients"
"zucchini-ribbon-salad","Zucchini-Ribbon Salad","6","1/4 teaspoon sugar","0.25","","tsp","746784","Sugars, granulated","Foundation","2026-04","1","","187533","USDA average estimate: 1 teaspoon = 4 g.","Draft computational correspondence, unreviewed. Sugars, granulated. Foundation granulated sugar; source ordinary sugar assumed granulated. Foundation snapshot 2026-04; release age must be considered.","","https://fdc.nal.usda.gov/food-details/746784/nutrients"
"zucchini-ribbon-salad","Zucchini-Ribbon Salad","6","1/8 teaspoon red pepper flakes","0.125","","tsp","","","","","","","","","","USDA correspondence not selected.",""
"zucchini-ribbon-salad","Zucchini-Ribbon Salad","6","1/2 teaspoon sesame seeds","0.5","","tsp","169412","Seeds, sesame seed kernels, dried (decorticated)","SR Legacy","2018-04","1.35","","84814","USDA average estimate: 1 tsp = 2.7 g.","Draft computational correspondence, unreviewed. Seeds, sesame seed kernels, dried (decorticated). Generic dried spice/seed or leavening agent; unspecified brand and grind approximated. SR Legacy snapshot 2018-04; release age must be considered.","","https://fdc.nal.usda.gov/food-details/169412/nutrients"
"mandarin-salad","Mandarin Salad","4","Salad:","","","","","","","","","","","","","",""
"mandarin-salad","Mandarin Salad","4","4 cups leaf lettuce or spinach","4","","cup","","","","","","","","","","USDA correspondence not selected.",""
"mandarin-salad","Mandarin Salad","4","1 cup mandarin oranges, packed in water or juice","1","","cup","","","","","","","","","","USDA correspondence not selected.",""
"mandarin-salad","Mandarin Salad","4","1/2 cup dried cherries","0.5","","cup","","","","","","","","","","USDA correspondence not selected.",""
"mandarin-salad","Mandarin Salad","4","2 medium apples, sliced","2","","count","171688","Apples, raw, with skin (Includes foods for USDA's Food Distribution Program)","SR Legacy","2018-04","364","","89193","USDA average estimate: 1 medium (3"" dia) = 182 g.","Draft computational correspondence, unreviewed. Apples, raw, with skin (Includes foods for USDA's Food Distribution Program). Raw apple with skin; cultivar unspecified. SR Legacy snapshot 2018-04; release age must be considered.","","https://fdc.nal.usda.gov/food-details/171688/nutrients"
"mandarin-salad","Mandarin Salad","4","Dressing:","","","","","","","","","","","","","",""
"mandarin-salad","Mandarin Salad","4","2 tablespoons sugar substitute (Splenda, or can use sugar)","2","","tbsp","","","","","","","","","","USDA correspondence not selected.",""
"mandarin-salad","Mandarin Salad","4","2 tablespoons apple cider vinegar","2","","tbsp","173469","Vinegar, cider","SR Legacy","2018-04","29.8","","92598","USDA average estimate: 1 tbsp = 14.9 g.","Draft computational correspondence, unreviewed. Vinegar, cider. Apple cider vinegar, not apple juice. SR Legacy snapshot 2018-04; release age must be considered.","","https://fdc.nal.usda.gov/food-details/173469/nutrients"
"mandarin-salad","Mandarin Salad","4","1/4 cup toasted almonds","0.25","","cup","170158","Nuts, almonds, dry roasted, without salt added","SR Legacy","2018-04","","","","","Draft computational correspondence, unreviewed. Nuts, almonds, dry roasted, without salt added. Dry-roasted unsalted almonds approximation for toasted almonds; generic whole-kernel cup. SR Legacy snapshot 2018-04; release age must be considered.","USDA portion unit is incompatible with the source amount.","https://fdc.nal.usda.gov/food-details/170158/nutrients"
"mandarin-salad","Mandarin Salad","4","3 to 5 strips low-sodium bacon or turkey bacon, cooked and crumbled","3","5","count","","","","","","","","","","USDA correspondence not selected.",""
"mandarin-salad","Mandarin Salad","4","1/4 teaspoon salt","0.25","","tsp","173468","Salt, table","SR Legacy","2018-04","1.5","","92594","USDA average estimate: 1 tsp = 6 g.","Draft computational correspondence, unreviewed. Salt, table. Table salt composition approximation; sea/kosher salt density differs, so volume for those qualifiers is unresolved. Pinch/to-taste has no invented gram weight. SR Legacy snapshot 2018-04; release age must be considered.","","https://fdc.nal.usda.gov/food-details/173468/nutrients"
"mandarin-salad","Mandarin Salad","4","2 tablespoons water","2","","tbsp","174158","Water, bottled, generic","SR Legacy","2018-04","29.625","","93846","USDA average estimate: 1 cup = 237 g. Household volume converted within this food only.","Draft computational correspondence, unreviewed. Water, bottled, generic. Plain water; generic bottled water mineral composition is an approximation. SR Legacy snapshot 2018-04; release age must be considered.","","https://fdc.nal.usda.gov/food-details/174158/nutrients"
"mandarin-salad","Mandarin Salad","4","2 tablespoons olive oil","2","","tbsp","171413","Oil, olive, salad or cooking","SR Legacy","2018-04","27","","88667","USDA average estimate: 1 tablespoon = 13.5 g.","Draft computational correspondence, unreviewed. Oil, olive, salad or cooking. Generic olive oil approximation; extra-virgin/light qualifiers affect composition. SR household portions retained because Foundation oil has no normalized nutrient totals. SR Legacy snapshot 2018-04; release age must be considered.","","https://fdc.nal.usda.gov/food-details/171413/nutrients"
"mandarin-salad","Mandarin Salad","4","Pepper to taste","","","","170931","Spices, pepper, black","SR Legacy","2018-04","","","","","Draft computational correspondence, unreviewed. Spices, pepper, black. Generic dried spice/seed or leavening agent; unspecified brand and grind approximated. SR Legacy snapshot 2018-04; release age must be considered.","Unmeasured pinch, sprinkle or to-taste amount; weight unresolved. No measured quantity; weight unresolved. Measured weight requires source review.","https://fdc.nal.usda.gov/food-details/170931/nutrients"
"chipotle-chicken-salad","Chipotle Chicken Salad","4","2 cups cooked chicken, shredded","2","","cup","171477","Chicken, broilers or fryers, breast, meat only, cooked, roasted","SR Legacy","2018-04","280","","88817","USDA average estimate: 1 cup, chopped or diced = 140 g.","Draft computational correspondence, unreviewed. Chicken, broilers or fryers, breast, meat only, cooked, roasted. Cooked roasted breast meat only approximates unspecified cooked chicken; excludes skin and bone. SR Legacy snapshot 2018-04; release age must be considered.","","https://fdc.nal.usda.gov/food-details/171477/nutrients"
"chipotle-chicken-salad","Chipotle Chicken Salad","4","1 cup celery, chopped","1","","cup","169988","Celery, raw","SR Legacy","2018-04","101","","85824","USDA average estimate: 1 cup chopped = 101 g.","Draft computational correspondence, unreviewed. Celery, raw. Raw celery stalks; leaves-only or alternative ingredient excluded. SR Legacy snapshot 2018-04; release age must be considered.","","https://fdc.nal.usda.gov/food-details/169988/nutrients"
"chipotle-chicken-salad","Chipotle Chicken Salad","4","1/4 cup red onions, diced","0.25","","cup","170000","Onions, raw","SR Legacy","2018-04","40","","85855","USDA average estimate: 1 cup, chopped = 160 g.","Draft computational correspondence, unreviewed. Onions, raw. Generic raw onion; red/yellow variety approximated by generic onion to retain compatible household portions. SR Legacy snapshot 2018-04; release age must be considered.","","https://fdc.nal.usda.gov/food-details/170000/nutrients"
"chipotle-chicken-salad","Chipotle Chicken Salad","4","1/2 cup light or homemade mayonnaise (see page 104 for recipe)","0.5","","cup","","","","","","","","","","USDA correspondence not selected.",""
"chipotle-chicken-salad","Chipotle Chicken Salad","4","2 tablespoons chipotle peppers in adobo sauce","2","","tbsp","","","","","","","","","","USDA correspondence not selected.",""
"chipotle-chicken-salad","Chipotle Chicken Salad","4","1/4 teaspoon sea salt","0.25","","tsp","","","","","","","","","","USDA correspondence not selected.",""
"chipotle-chicken-salad","Chipotle Chicken Salad","4","1/8 teaspoon black pepper","0.125","","tsp","170931","Spices, pepper, black","SR Legacy","2018-04","0.2875","","87560","USDA average estimate: 1 tsp, ground = 2.3 g.","Draft computational correspondence, unreviewed. Spices, pepper, black. Generic dried spice/seed or leavening agent; unspecified brand and grind approximated. SR Legacy snapshot 2018-04; release age must be considered.","","https://fdc.nal.usda.gov/food-details/170931/nutrients"
"spinach-apple-and-walnut-salad","Spinach, Apple and Walnut Salad","4","2 large apples (Golden Delicious or other favorite), cored, diced large","2","","count","","","","","","","","","","USDA correspondence not selected.",""
"spinach-apple-and-walnut-salad","Spinach, Apple and Walnut Salad","4","¼ cup fresh lemon juice","0.25","","cup","167747","Lemon juice, raw","SR Legacy","2018-04","61","","81887","USDA average estimate: 1 cup = 244 g.","Draft computational correspondence, unreviewed. Lemon juice, raw. Raw lemon juice, not whole fruit. SR Legacy snapshot 2018-04; release age must be considered.","","https://fdc.nal.usda.gov/food-details/167747/nutrients"
"spinach-apple-and-walnut-salad","Spinach, Apple and Walnut Salad","4","8 cups (2 5-ounce packages) baby spinach leaves","8","","cup","168462","Spinach, raw","SR Legacy","2018-04","240","","83132","USDA average estimate: 1 cup = 30 g.","Draft computational correspondence, unreviewed. Spinach, raw. Raw spinach; baby leaves approximated by generic raw spinach household cup. SR Legacy snapshot 2018-04; release age must be considered.","","https://fdc.nal.usda.gov/food-details/168462/nutrients"
"spinach-apple-and-walnut-salad","Spinach, Apple and Walnut Salad","4","3 tablespoons extra-virgin olive oil","3","","tbsp","171413","Oil, olive, salad or cooking","SR Legacy","2018-04","40.5","","88667","USDA average estimate: 1 tablespoon = 13.5 g.","Draft computational correspondence, unreviewed. Oil, olive, salad or cooking. Generic olive oil approximation; extra-virgin/light qualifiers affect composition. SR household portions retained because Foundation oil has no normalized nutrient totals. SR Legacy snapshot 2018-04; release age must be considered.","","https://fdc.nal.usda.gov/food-details/171413/nutrients"
"spinach-apple-and-walnut-salad","Spinach, Apple and Walnut Salad","4","1 tablespoon apple cider vinegar","1","","tbsp","173469","Vinegar, cider","SR Legacy","2018-04","14.9","","92598","USDA average estimate: 1 tbsp = 14.9 g.","Draft computational correspondence, unreviewed. Vinegar, cider. Apple cider vinegar, not apple juice. SR Legacy snapshot 2018-04; release age must be considered.","","https://fdc.nal.usda.gov/food-details/173469/nutrients"
"spinach-apple-and-walnut-salad","Spinach, Apple and Walnut Salad","4","2 tablespoons honey Ground black pepper","2","","tbsp","","","","","","","","","","USDA correspondence not selected.",""
"spinach-apple-and-walnut-salad","Spinach, Apple and Walnut Salad","4","2/3 cup crumbled goat cheese","0.6666666666666666","","cup","","","","","","","","","","USDA correspondence not selected.",""
"spinach-apple-and-walnut-salad","Spinach, Apple and Walnut Salad","4","1/2 cup chopped walnuts, toasted","0.5","","cup","","","","","","","","","","USDA correspondence not selected.",""
"mexican-vegetable-salad","Mexican Vegetable Salad","6","2 medium tomatoes, seeded and chopped","2","","count","170457","Tomatoes, red, ripe, raw, year round average","SR Legacy","2018-04","246","","86686","USDA average estimate: 1 medium whole (2-3/5"" dia) = 123 g.","Draft computational correspondence, unreviewed. Tomatoes, red, ripe, raw, year round average. Raw ripe red tomatoes year-round average. SR Legacy snapshot 2018-04; release age must be considered.","","https://fdc.nal.usda.gov/food-details/170457/nutrients"
"mexican-vegetable-salad","Mexican Vegetable Salad","6","1 cucumber, cut into bite-size chunks","1","","count","168409","Cucumber, with peel, raw","SR Legacy","2018-04","","","","","Draft computational correspondence, unreviewed. Cucumber, with peel, raw. Raw cucumber with peel when peeling is not specified. SR Legacy snapshot 2018-04; release age must be considered.","Food count/size needs an explicit USDA portion selection.","https://fdc.nal.usda.gov/food-details/168409/nutrients"
"mexican-vegetable-salad","Mexican Vegetable Salad","6","1/2 medium red onion, chopped","0.5","","count","170000","Onions, raw","SR Legacy","2018-04","55","","85860","USDA average estimate: 1 medium (2-1/2"" dia) = 110 g.","Draft computational correspondence, unreviewed. Onions, raw. Generic raw onion; red/yellow variety approximated by generic onion to retain compatible household portions. SR Legacy snapshot 2018-04; release age must be considered.","","https://fdc.nal.usda.gov/food-details/170000/nutrients"
"mexican-vegetable-salad","Mexican Vegetable Salad","6","1 medium red bell pepper, cut into chunks","1","","count","170108","Peppers, sweet, red, raw","SR Legacy","2018-04","119","","86066","USDA average estimate: 1 medium (approx 2-3/4"" long, 2-1/2 dia.) = 119 g.","Draft computational correspondence, unreviewed. Peppers, sweet, red, raw. Raw red sweet pepper. SR Legacy snapshot 2018-04; release age must be considered.","","https://fdc.nal.usda.gov/food-details/170108/nutrients"
"mexican-vegetable-salad","Mexican Vegetable Salad","6","2 large (11 to 12 inches) stalks of celery, chopped","2","","count","169988","Celery, raw","SR Legacy","2018-04","","","","","Draft computational correspondence, unreviewed. Celery, raw. Raw celery stalks; leaves-only or alternative ingredient excluded. SR Legacy snapshot 2018-04; release age must be considered.","USDA portion unit is incompatible with the source amount.","https://fdc.nal.usda.gov/food-details/169988/nutrients"
"mexican-vegetable-salad","Mexican Vegetable Salad","6","1 jalapeño, seeded and finely chopped","1","","count","168576","Peppers, jalapeno, raw","SR Legacy","2018-04","14","","83357","USDA average estimate: 1 pepper = 14 g.","Draft computational correspondence, unreviewed. Peppers, jalapeno, raw. Raw jalapeno; seeded source uses edible-pepper approximation. SR Legacy snapshot 2018-04; release age must be considered.","","https://fdc.nal.usda.gov/food-details/168576/nutrients"
"mexican-vegetable-salad","Mexican Vegetable Salad","6","2 tablespoons fresh cilantro","2","","tbsp","169997","Coriander (cilantro) leaves, raw","SR Legacy","2018-04","2","","85844","USDA average estimate: 0.25 cup = 4 g. Household volume converted within this food only.","Draft computational correspondence, unreviewed. Coriander (cilantro) leaves, raw. Fresh cilantro leaves; chopped volume approximated by USDA raw leaves cup. SR Legacy snapshot 2018-04; release age must be considered.","","https://fdc.nal.usda.gov/food-details/169997/nutrients"
"mexican-vegetable-salad","Mexican Vegetable Salad","6","2 teaspoons Tabasco","2","","tsp","174528","Sauce, ready-to-serve, pepper, TABASCO","SR Legacy","2018-04","","","","","Draft computational correspondence, unreviewed. Sauce, ready-to-serve, pepper, TABASCO. Explicit Tabasco pepper sauce ingredient matches SR product entry. SR Legacy snapshot 2018-04; release age must be considered.","Multiple household portion weights require an explicit choice.","https://fdc.nal.usda.gov/food-details/174528/nutrients"
"mexican-vegetable-salad","Mexican Vegetable Salad","6","2 limes, juiced","2","","count","168156","Lime juice, raw","SR Legacy","2018-04","88","","82574","USDA average estimate: 1 lime yields = 44 g.","Draft computational correspondence, unreviewed. Lime juice, raw. Raw lime juice, not whole lime. SR Legacy snapshot 2018-04; release age must be considered.","","https://fdc.nal.usda.gov/food-details/168156/nutrients"
"mexican-vegetable-salad","Mexican Vegetable Salad","6","2 tablespoons olive oil","2","","tbsp","171413","Oil, olive, salad or cooking","SR Legacy","2018-04","27","","88667","USDA average estimate: 1 tablespoon = 13.5 g.","Draft computational correspondence, unreviewed. Oil, olive, salad or cooking. Generic olive oil approximation; extra-virgin/light qualifiers affect composition. SR household portions retained because Foundation oil has no normalized nutrient totals. SR Legacy snapshot 2018-04; release age must be considered.","","https://fdc.nal.usda.gov/food-details/171413/nutrients"
"mexican-vegetable-salad","Mexican Vegetable Salad","6","Salt and pepper to taste","","","","","","","","","","","","","Unmeasured pinch, sprinkle or to-taste amount; weight unresolved. No measured quantity; weight unresolved. USDA correspondence not selected.",""
"fall-harvest-orzo-salad","Fall Harvest Orzo Salad","8","4 cups cooked orzo, chilled (about 1 2/3 cup dried orzo)","4","","cup","","","","","","","","","","Raw/cooked alternative requires a preparation choice. USDA correspondence not selected.",""
"fall-harvest-orzo-salad","Fall Harvest Orzo Salad","8","1 cup dried cranberries","1","","cup","","","","","","","","","","USDA correspondence not selected.",""
"fall-harvest-orzo-salad","Fall Harvest Orzo Salad","8","2 cups apple, diced","2","","cup","171688","Apples, raw, with skin (Includes foods for USDA's Food Distribution Program)","SR Legacy","2018-04","250","","89190","USDA average estimate: 1 cup, quartered or chopped = 125 g.","Draft computational correspondence, unreviewed. Apples, raw, with skin (Includes foods for USDA's Food Distribution Program). Raw apple with skin; cultivar unspecified. SR Legacy snapshot 2018-04; release age must be considered.","","https://fdc.nal.usda.gov/food-details/171688/nutrients"
"fall-harvest-orzo-salad","Fall Harvest Orzo Salad","8","1/4 cup extra-virgin olive oil","0.25","","cup","171413","Oil, olive, salad or cooking","SR Legacy","2018-04","54","","88668","USDA average estimate: 1 cup = 216 g.","Draft computational correspondence, unreviewed. Oil, olive, salad or cooking. Generic olive oil approximation; extra-virgin/light qualifiers affect composition. SR household portions retained because Foundation oil has no normalized nutrient totals. SR Legacy snapshot 2018-04; release age must be considered.","","https://fdc.nal.usda.gov/food-details/171413/nutrients"
"fall-harvest-orzo-salad","Fall Harvest Orzo Salad","8","1/4 cup fresh lemon juice","0.25","","cup","167747","Lemon juice, raw","SR Legacy","2018-04","61","","81887","USDA average estimate: 1 cup = 244 g.","Draft computational correspondence, unreviewed. Lemon juice, raw. Raw lemon juice, not whole fruit. SR Legacy snapshot 2018-04; release age must be considered.","","https://fdc.nal.usda.gov/food-details/167747/nutrients"
"fall-harvest-orzo-salad","Fall Harvest Orzo Salad","8","1/2 teaspoon freshly ground black pepper","0.5","","tsp","170931","Spices, pepper, black","SR Legacy","2018-04","1.15","","87560","USDA average estimate: 1 tsp, ground = 2.3 g.","Draft computational correspondence, unreviewed. Spices, pepper, black. Generic dried spice/seed or leavening agent; unspecified brand and grind approximated. SR Legacy snapshot 2018-04; release age must be considered.","","https://fdc.nal.usda.gov/food-details/170931/nutrients"
"fall-harvest-orzo-salad","Fall Harvest Orzo Salad","8","2 tablespoons fresh basil, chopped","2","","tbsp","172232","Basil, fresh","SR Legacy","2018-04","5.3","","90126","USDA average estimate: 2 tbsp, chopped = 5.3 g.","Draft computational correspondence, unreviewed. Basil, fresh. Fresh basil chopped, not dried basil. SR Legacy snapshot 2018-04; release age must be considered.","","https://fdc.nal.usda.gov/food-details/172232/nutrients"
"fall-harvest-orzo-salad","Fall Harvest Orzo Salad","8","1/2 cup crumbled blue cheese","0.5","","cup","172175","Cheese, blue","SR Legacy","2018-04","67.5","","90019","USDA average estimate: 1 cup, crumbled, not packed = 135 g.","Draft computational correspondence, unreviewed. Cheese, blue. Generic blue cheese crumbled, not packed. SR Legacy snapshot 2018-04; release age must be considered.","","https://fdc.nal.usda.gov/food-details/172175/nutrients"
"fall-harvest-orzo-salad","Fall Harvest Orzo Salad","8","1/4 cup blanched almonds, chopped","0.25","","cup","170568","Nuts, almonds, blanched","SR Legacy","2018-04","","","","","Draft computational correspondence, unreviewed. Nuts, almonds, blanched. Blanched almonds; source chopped volume has no directly corresponding USDA chopped cup. SR Legacy snapshot 2018-04; release age must be considered.","Preparation-specific household weight is unavailable; measure edible grams.","https://fdc.nal.usda.gov/food-details/170568/nutrients"
"warm-potato-and-kale-mix","Warm Potato and Kale Mix","2","2 large potatoes, peeled","2","","count","","","","","","","","","","USDA correspondence not selected.",""
"warm-potato-and-kale-mix","Warm Potato and Kale Mix","2","1 cup fresh kale leaves, packed","1","","cup","168421","Kale, raw","SR Legacy","2018-04","","","","","Draft computational correspondence, unreviewed. Kale, raw. Raw kale leaves; packed cup approximated by USDA unqualified cup. SR Legacy snapshot 2018-04; release age must be considered.","Preparation-specific household weight is unavailable; measure edible grams.","https://fdc.nal.usda.gov/food-details/168421/nutrients"
"warm-potato-and-kale-mix","Warm Potato and Kale Mix","2","1 tablespoon olive oil","1","","tbsp","171413","Oil, olive, salad or cooking","SR Legacy","2018-04","13.5","","88667","USDA average estimate: 1 tablespoon = 13.5 g.","Draft computational correspondence, unreviewed. Oil, olive, salad or cooking. Generic olive oil approximation; extra-virgin/light qualifiers affect composition. SR household portions retained because Foundation oil has no normalized nutrient totals. SR Legacy snapshot 2018-04; release age must be considered.","","https://fdc.nal.usda.gov/food-details/171413/nutrients"
"warm-potato-and-kale-mix","Warm Potato and Kale Mix","2","1/2 cup onion, chopped","0.5","","cup","170000","Onions, raw","SR Legacy","2018-04","80","","85855","USDA average estimate: 1 cup, chopped = 160 g.","Draft computational correspondence, unreviewed. Onions, raw. Generic raw onion; red/yellow variety approximated by generic onion to retain compatible household portions. SR Legacy snapshot 2018-04; release age must be considered.","","https://fdc.nal.usda.gov/food-details/170000/nutrients"
"warm-potato-and-kale-mix","Warm Potato and Kale Mix","2","1 clove garlic, minced","1","","clove","169230","Garlic, raw","SR Legacy","2018-04","3","","84480","USDA average estimate: 1 clove = 3 g.","Draft computational correspondence, unreviewed. Garlic, raw. Raw garlic; USDA generic clove is 3 g. Large/small clove and whole-head weights are not size-specific. SR Legacy snapshot 2018-04; release age must be considered.","","https://fdc.nal.usda.gov/food-details/169230/nutrients"
"warm-potato-and-kale-mix","Warm Potato and Kale Mix","2","1/2 teaspoon dried thyme","0.5","","tsp","170938","Spices, thyme, dried","SR Legacy","2018-04","","","","","Draft computational correspondence, unreviewed. Spices, thyme, dried. Generic dried spice/seed or leavening agent; unspecified brand and grind approximated. SR Legacy snapshot 2018-04; release age must be considered.","Multiple household portion weights require an explicit choice.","https://fdc.nal.usda.gov/food-details/170938/nutrients"
"warm-potato-and-kale-mix","Warm Potato and Kale Mix","2","1 small tomato, chopped","1","","count","","","","","","","","","","USDA correspondence not selected.",""
"warm-potato-and-kale-mix","Warm Potato and Kale Mix","2","1/2 cup low-sodium white beans, drained and rinsed","0.5","","cup","","","","","","","","","","USDA correspondence not selected.",""
"warm-potato-and-kale-mix","Warm Potato and Kale Mix","2","Pepper to taste","","","","170931","Spices, pepper, black","SR Legacy","2018-04","","","","","Draft computational correspondence, unreviewed. Spices, pepper, black. Generic dried spice/seed or leavening agent; unspecified brand and grind approximated. SR Legacy snapshot 2018-04; release age must be considered.","Unmeasured pinch, sprinkle or to-taste amount; weight unresolved. No measured quantity; weight unresolved. Measured weight requires source review.","https://fdc.nal.usda.gov/food-details/170931/nutrients"
"spicy-sweet-potato-fries","Spicy Sweet Potato Fries","6","6 medium sweet potatoes (about 2 1/4 pounds) Vegetable cooking spray","6","","count","","","","","","","","","","USDA correspondence not selected.",""
"spicy-sweet-potato-fries","Spicy Sweet Potato Fries","6","2 teaspoons sugar","2","","tsp","746784","Sugars, granulated","Foundation","2026-04","8","","187533","USDA average estimate: 1 teaspoon = 4 g.","Draft computational correspondence, unreviewed. Sugars, granulated. Foundation granulated sugar; source ordinary sugar assumed granulated. Foundation snapshot 2026-04; release age must be considered.","","https://fdc.nal.usda.gov/food-details/746784/nutrients"
"spicy-sweet-potato-fries","Spicy Sweet Potato Fries","6","1/2 teaspoon salt (optional)","0.5","","tsp","173468","Salt, table","SR Legacy","2018-04","3","","92594","USDA average estimate: 1 tsp = 6 g.","Draft computational correspondence, unreviewed. Salt, table. Table salt composition approximation; sea/kosher salt density differs, so volume for those qualifiers is unresolved. Pinch/to-taste has no invented gram weight. SR Legacy snapshot 2018-04; release age must be considered.","","https://fdc.nal.usda.gov/food-details/173468/nutrients"
"spicy-sweet-potato-fries","Spicy Sweet Potato Fries","6","1/4 teaspoon ground red pepper","0.25","","tsp","170932","Spices, pepper, red or cayenne","SR Legacy","2018-04","0.45","","87564","USDA average estimate: 1 tsp = 1.8 g.","Draft computational correspondence, unreviewed. Spices, pepper, red or cayenne. Generic dried spice/seed or leavening agent; unspecified brand and grind approximated. SR Legacy snapshot 2018-04; release age must be considered.","","https://fdc.nal.usda.gov/food-details/170932/nutrients"
"spicy-sweet-potato-fries","Spicy Sweet Potato Fries","6","1/8 teaspoon black pepper","0.125","","tsp","170931","Spices, pepper, black","SR Legacy","2018-04","0.2875","","87560","USDA average estimate: 1 tsp, ground = 2.3 g.","Draft computational correspondence, unreviewed. Spices, pepper, black. Generic dried spice/seed or leavening agent; unspecified brand and grind approximated. SR Legacy snapshot 2018-04; release age must be considered.","","https://fdc.nal.usda.gov/food-details/170931/nutrients"
"mashed-tomato-potatoes","Mashed Tomato Potatoes","8","2 pounds Yukon Gold potatoes (about 6), peeled and cut into 2-inch pieces","2","","lb","2346403","Potatoes, gold, without skin, raw","Foundation","2026-04","907.18474","","","Explicit source mass; exact unit conversion, edible yield not adjusted.","Draft computational correspondence, unreviewed. Potatoes, gold, without skin, raw. Foundation gold potatoes peeled raw; exact Yukon Gold cultivar approximated. Only direct pound weight, no RACC/count substitution. Foundation snapshot 2026-04; release age must be considered.","","https://fdc.nal.usda.gov/food-details/2346403/nutrients"
"mashed-tomato-potatoes","Mashed Tomato Potatoes","8","2 garlic cloves, peeled","2","","count","169230","Garlic, raw","SR Legacy","2018-04","","","","","Draft computational correspondence, unreviewed. Garlic, raw. Raw garlic; USDA generic clove is 3 g. Large/small clove and whole-head weights are not size-specific. SR Legacy snapshot 2018-04; release age must be considered.","USDA portion unit is incompatible with the source amount.","https://fdc.nal.usda.gov/food-details/169230/nutrients"
"mashed-tomato-potatoes","Mashed Tomato Potatoes","8","1/2 cup milk","0.5","","cup","","","","","","","","","","USDA correspondence not selected.",""
"mashed-tomato-potatoes","Mashed Tomato Potatoes","8","1/4 cup unsalted butter","0.25","","cup","173430","Butter, without salt","SR Legacy","2018-04","56.75","","92513","USDA average estimate: 1 cup = 227 g.","Draft computational correspondence, unreviewed. Butter, without salt. Unsalted butter, not salted. SR Legacy snapshot 2018-04; release age must be considered.","","https://fdc.nal.usda.gov/food-details/173430/nutrients"
"mashed-tomato-potatoes","Mashed Tomato Potatoes","8","1/4 cup fresh flat-leaf parsley, chopped","0.25","","cup","170416","Parsley, fresh","SR Legacy","2018-04","15","","86607","USDA average estimate: 1 cup chopped = 60 g.","Draft computational correspondence, unreviewed. Parsley, fresh. Fresh parsley chopped; flat-leaf subtype approximated by generic fresh parsley. SR Legacy snapshot 2018-04; release age must be considered.","","https://fdc.nal.usda.gov/food-details/170416/nutrients"
"mashed-tomato-potatoes","Mashed Tomato Potatoes","8","3 medium scallions, trimmed and chopped","3","","count","170005","Onions, spring or scallions (includes tops and bulb), raw","SR Legacy","2018-04","45","","85881","USDA average estimate: 1 medium (4-1/8"" long) = 15 g.","Draft computational correspondence, unreviewed. Onions, spring or scallions (includes tops and bulb), raw. Raw scallions including white and green parts. SR Legacy snapshot 2018-04; release age must be considered.","","https://fdc.nal.usda.gov/food-details/170005/nutrients"
"mashed-tomato-potatoes","Mashed Tomato Potatoes","8","1/2 cup grated Parmesan cheese","0.5","","cup","171247","Cheese, parmesan, grated","SR Legacy","2018-04","50","","88261","USDA average estimate: 1 cup = 100 g.","Draft computational correspondence, unreviewed. Cheese, parmesan, grated. Generic grated Parmesan; freshly grated source approximated by USDA grated cheese. SR Legacy snapshot 2018-04; release age must be considered.","","https://fdc.nal.usda.gov/food-details/171247/nutrients"
"mashed-tomato-potatoes","Mashed Tomato Potatoes","8","1/2 teaspoon kosher salt","0.5","","tsp","","","","","","","","","","USDA correspondence not selected.",""
"mashed-tomato-potatoes","Mashed Tomato Potatoes","8","5 medium tomatoes, chopped","5","","count","170457","Tomatoes, red, ripe, raw, year round average","SR Legacy","2018-04","615","","86686","USDA average estimate: 1 medium whole (2-3/5"" dia) = 123 g.","Draft computational correspondence, unreviewed. Tomatoes, red, ripe, raw, year round average. Raw ripe red tomatoes year-round average. SR Legacy snapshot 2018-04; release age must be considered.","","https://fdc.nal.usda.gov/food-details/170457/nutrients"
"grilled-sweet-potatoes-and-scallions","Grilled Sweet Potatoes and Scallions","4","4 large sweet potatoes, par-cooked and cut into 1/2-inch slices","4","","count","","","","","","","","","","USDA correspondence not selected.",""
"grilled-sweet-potatoes-and-scallions","Grilled Sweet Potatoes and Scallions","4","8 medium scallions, sliced","8","","count","170005","Onions, spring or scallions (includes tops and bulb), raw","SR Legacy","2018-04","120","","85881","USDA average estimate: 1 medium (4-1/8"" long) = 15 g.","Draft computational correspondence, unreviewed. Onions, spring or scallions (includes tops and bulb), raw. Raw scallions including white and green parts. SR Legacy snapshot 2018-04; release age must be considered.","","https://fdc.nal.usda.gov/food-details/170005/nutrients"
"grilled-sweet-potatoes-and-scallions","Grilled Sweet Potatoes and Scallions","4","3/4 cup olive oil, divided","0.75","","cup","171413","Oil, olive, salad or cooking","SR Legacy","2018-04","162","","88668","USDA average estimate: 1 cup = 216 g.","Draft computational correspondence, unreviewed. Oil, olive, salad or cooking. Generic olive oil approximation; extra-virgin/light qualifiers affect composition. SR household portions retained because Foundation oil has no normalized nutrient totals. SR Legacy snapshot 2018-04; release age must be considered.","","https://fdc.nal.usda.gov/food-details/171413/nutrients"
"grilled-sweet-potatoes-and-scallions","Grilled Sweet Potatoes and Scallions","4","2 tablespoons Dijon mustard","2","","tbsp","","","","","","","","","","USDA correspondence not selected.",""
"grilled-sweet-potatoes-and-scallions","Grilled Sweet Potatoes and Scallions","4","1/2 cup apple cider vinegar","0.5","","cup","173469","Vinegar, cider","SR Legacy","2018-04","119.5","","92599","USDA average estimate: 1 cup = 239 g.","Draft computational correspondence, unreviewed. Vinegar, cider. Apple cider vinegar, not apple juice. SR Legacy snapshot 2018-04; release age must be considered.","","https://fdc.nal.usda.gov/food-details/173469/nutrients"
"grilled-sweet-potatoes-and-scallions","Grilled Sweet Potatoes and Scallions","4","1/4 cup balsamic vinegar","0.25","","cup","172241","Vinegar, balsamic","SR Legacy","2018-04","63.75","","90146","USDA average estimate: 1 cup = 255 g.","Draft computational correspondence, unreviewed. Vinegar, balsamic. Balsamic vinegar. SR Legacy snapshot 2018-04; release age must be considered.","","https://fdc.nal.usda.gov/food-details/172241/nutrients"
"grilled-sweet-potatoes-and-scallions","Grilled Sweet Potatoes and Scallions","4","2 teaspoons honey","2","","tsp","169640","Honey","SR Legacy","2018-04","","","","","Draft computational correspondence, unreviewed. Honey. Honey; source unspecified honey variety. SR Legacy snapshot 2018-04; release age must be considered.","Multiple household portion weights require an explicit choice.","https://fdc.nal.usda.gov/food-details/169640/nutrients"
"grilled-sweet-potatoes-and-scallions","Grilled Sweet Potatoes and Scallions","4","Freshly ground pepper","","","","170931","Spices, pepper, black","SR Legacy","2018-04","","","","","Draft computational correspondence, unreviewed. Spices, pepper, black. Generic dried spice/seed or leavening agent; unspecified brand and grind approximated. SR Legacy snapshot 2018-04; release age must be considered.","No measured quantity; weight unresolved. Measured weight requires source review.","https://fdc.nal.usda.gov/food-details/170931/nutrients"
"grilled-sweet-potatoes-and-scallions","Grilled Sweet Potatoes and Scallions","4","1/4 cup fresh flat-leaf parsley, coarsely chopped","0.25","","cup","170416","Parsley, fresh","SR Legacy","2018-04","15","","86607","USDA average estimate: 1 cup chopped = 60 g.","Draft computational correspondence, unreviewed. Parsley, fresh. Fresh parsley chopped; flat-leaf subtype approximated by generic fresh parsley. SR Legacy snapshot 2018-04; release age must be considered.","","https://fdc.nal.usda.gov/food-details/170416/nutrients"
"roasted-brussels-sprouts","Roasted Brussels Sprouts","6","1 pound Brussels sprouts, rinsed, ends trimmed, rough outer leaves of larger sprouts removed","1","","lb","2685575","Brussels sprouts, raw","Foundation","2026-04","453.59237","","","Explicit source mass; exact unit conversion, edible yield not adjusted.","Draft computational correspondence, unreviewed. Brussels sprouts, raw. Foundation raw Brussels sprouts before roasting; direct pound weight. Foundation snapshot 2026-04; release age must be considered.","","https://fdc.nal.usda.gov/food-details/2685575/nutrients"
"roasted-brussels-sprouts","Roasted Brussels Sprouts","6","1 tablespoon garlic, minced (about 3 cloves)","1","","tbsp","169230","Garlic, raw","SR Legacy","2018-04","8.399999999999999","","84479","USDA average estimate: 1 tsp = 2.8 g. Household volume converted within this food only.","Draft computational correspondence, unreviewed. Garlic, raw. Raw garlic; USDA generic clove is 3 g. Large/small clove and whole-head weights are not size-specific. SR Legacy snapshot 2018-04; release age must be considered.","","https://fdc.nal.usda.gov/food-details/169230/nutrients"
"roasted-brussels-sprouts","Roasted Brussels Sprouts","6","1 teaspoon fresh lemon juice","1","","tsp","167747","Lemon juice, raw","SR Legacy","2018-04","5.083333333333333","","81887","USDA average estimate: 1 cup = 244 g. Household volume converted within this food only.","Draft computational correspondence, unreviewed. Lemon juice, raw. Raw lemon juice, not whole fruit. SR Legacy snapshot 2018-04; release age must be considered.","","https://fdc.nal.usda.gov/food-details/167747/nutrients"
"roasted-brussels-sprouts","Roasted Brussels Sprouts","6","2 tablespoons olive oil","2","","tbsp","171413","Oil, olive, salad or cooking","SR Legacy","2018-04","27","","88667","USDA average estimate: 1 tablespoon = 13.5 g.","Draft computational correspondence, unreviewed. Oil, olive, salad or cooking. Generic olive oil approximation; extra-virgin/light qualifiers affect composition. SR household portions retained because Foundation oil has no normalized nutrient totals. SR Legacy snapshot 2018-04; release age must be considered.","","https://fdc.nal.usda.gov/food-details/171413/nutrients"
"roasted-brussels-sprouts","Roasted Brussels Sprouts","6","Salt","","","","173468","Salt, table","SR Legacy","2018-04","","","","","Draft computational correspondence, unreviewed. Salt, table. Table salt composition approximation; sea/kosher salt density differs, so volume for those qualifiers is unresolved. Pinch/to-taste has no invented gram weight. SR Legacy snapshot 2018-04; release age must be considered.","No measured quantity; weight unresolved. Measured weight requires source review.","https://fdc.nal.usda.gov/food-details/173468/nutrients"
"roasted-brussels-sprouts","Roasted Brussels Sprouts","6","Freshly ground black pepper","","","","170931","Spices, pepper, black","SR Legacy","2018-04","","","","","Draft computational correspondence, unreviewed. Spices, pepper, black. Generic dried spice/seed or leavening agent; unspecified brand and grind approximated. SR Legacy snapshot 2018-04; release age must be considered.","No measured quantity; weight unresolved. Measured weight requires source review.","https://fdc.nal.usda.gov/food-details/170931/nutrients"
"roasted-brussels-sprouts","Roasted Brussels Sprouts","6","1/4 cup Parmesan cheese, freshly grated (optional)","0.25","","cup","171247","Cheese, parmesan, grated","SR Legacy","2018-04","25","","88261","USDA average estimate: 1 cup = 100 g.","Draft computational correspondence, unreviewed. Cheese, parmesan, grated. Generic grated Parmesan; freshly grated source approximated by USDA grated cheese. SR Legacy snapshot 2018-04; release age must be considered.","","https://fdc.nal.usda.gov/food-details/171247/nutrients"
"grilled-asparagus-with-mozzarella","Grilled Asparagus With Mozzarella","4","Asparagus:","","","","","","","","","","","","","",""
"grilled-asparagus-with-mozzarella","Grilled Asparagus With Mozzarella","4","20 large asparagus stalks, peeled","20","","count","168389","Asparagus, raw","SR Legacy","2018-04","400","","83015","USDA average estimate: 1 spear, large (7-1/4"" to 8-1/2"") = 20 g.","Draft computational correspondence, unreviewed. Asparagus, raw. Raw asparagus spear approximation, source large count. SR Legacy snapshot 2018-04; release age must be considered.","","https://fdc.nal.usda.gov/food-details/168389/nutrients"
"grilled-asparagus-with-mozzarella","Grilled Asparagus With Mozzarella","4","Dressing:","","","","","","","","","","","","","",""
"grilled-asparagus-with-mozzarella","Grilled Asparagus With Mozzarella","4","4 tablespoons fresh lemon juice","4","","tbsp","167747","Lemon juice, raw","SR Legacy","2018-04","61","","81887","USDA average estimate: 1 cup = 244 g. Household volume converted within this food only.","Draft computational correspondence, unreviewed. Lemon juice, raw. Raw lemon juice, not whole fruit. SR Legacy snapshot 2018-04; release age must be considered.","","https://fdc.nal.usda.gov/food-details/167747/nutrients"
"grilled-asparagus-with-mozzarella","Grilled Asparagus With Mozzarella","4","1 small shallot, finely chopped","1","","count","170499","Shallots, raw","SR Legacy","2018-04","","","","","Draft computational correspondence, unreviewed. Shallots, raw. Raw shallot; source whole small/unspecified count has no USDA count portion. SR Legacy snapshot 2018-04; release age must be considered.","Food count/size needs an explicit USDA portion selection.","https://fdc.nal.usda.gov/food-details/170499/nutrients"
"grilled-asparagus-with-mozzarella","Grilled Asparagus With Mozzarella","4","1 tablespoon fresh parsley, finely chopped","1","","tbsp","170416","Parsley, fresh","SR Legacy","2018-04","3.75","","86607","USDA average estimate: 1 cup chopped = 60 g. Household volume converted within this food only.","Draft computational correspondence, unreviewed. Parsley, fresh. Fresh parsley chopped; flat-leaf subtype approximated by generic fresh parsley. SR Legacy snapshot 2018-04; release age must be considered.","","https://fdc.nal.usda.gov/food-details/170416/nutrients"
"grilled-asparagus-with-mozzarella","Grilled Asparagus With Mozzarella","4","1/4 pound fresh part-skim or low-fat mozzarella, cut into 4 half-inch-thick slices","0.25","","lb","","","","","","","","","","USDA correspondence not selected.",""
"grilled-asparagus-with-mozzarella","Grilled Asparagus With Mozzarella","4","1 teaspoon dried oregano","1","","tsp","171328","Spices, oregano, dried","SR Legacy","2018-04","","","","","Draft computational correspondence, unreviewed. Spices, oregano, dried. Generic dried spice/seed or leavening agent; unspecified brand and grind approximated. SR Legacy snapshot 2018-04; release age must be considered.","Multiple household portion weights require an explicit choice.","https://fdc.nal.usda.gov/food-details/171328/nutrients"
"grilled-asparagus-with-mozzarella","Grilled Asparagus With Mozzarella","4","1/4 cup olive oil","0.25","","cup","171413","Oil, olive, salad or cooking","SR Legacy","2018-04","54","","88668","USDA average estimate: 1 cup = 216 g.","Draft computational correspondence, unreviewed. Oil, olive, salad or cooking. Generic olive oil approximation; extra-virgin/light qualifiers affect composition. SR household portions retained because Foundation oil has no normalized nutrient totals. SR Legacy snapshot 2018-04; release age must be considered.","","https://fdc.nal.usda.gov/food-details/171413/nutrients"
"grilled-asparagus-with-mozzarella","Grilled Asparagus With Mozzarella","4","Freshly ground pepper to taste","","","","170931","Spices, pepper, black","SR Legacy","2018-04","","","","","Draft computational correspondence, unreviewed. Spices, pepper, black. Generic dried spice/seed or leavening agent; unspecified brand and grind approximated. SR Legacy snapshot 2018-04; release age must be considered.","Unmeasured pinch, sprinkle or to-taste amount; weight unresolved. No measured quantity; weight unresolved. Measured weight requires source review.","https://fdc.nal.usda.gov/food-details/170931/nutrients"
"grilled-vegetables","Grilled Vegetables","4","1 medium onion, cut into large chunks","1","","count","170000","Onions, raw","SR Legacy","2018-04","110","","85860","USDA average estimate: 1 medium (2-1/2"" dia) = 110 g.","Draft computational correspondence, unreviewed. Onions, raw. Generic raw onion; red/yellow variety approximated by generic onion to retain compatible household portions. SR Legacy snapshot 2018-04; release age must be considered.","","https://fdc.nal.usda.gov/food-details/170000/nutrients"
"grilled-vegetables","Grilled Vegetables","4","1 medium zucchini, cut into thick slices","1","","count","169291","Squash, summer, zucchini, includes skin, raw","SR Legacy","2018-04","196","","84610","USDA average estimate: 1 medium = 196 g.","Draft computational correspondence, unreviewed. Squash, summer, zucchini, includes skin, raw. Raw zucchini including skin. SR Legacy snapshot 2018-04; release age must be considered.","","https://fdc.nal.usda.gov/food-details/169291/nutrients"
"grilled-vegetables","Grilled Vegetables","4","1 medium yellow squash, cut into thick slices","1","","count","168464","Squash, summer, crookneck and straightneck, raw","SR Legacy","2018-04","","","","","Draft computational correspondence, unreviewed. Squash, summer, crookneck and straightneck, raw. Raw yellow crookneck/straightneck summer squash; count size not resolved by USDA. SR Legacy snapshot 2018-04; release age must be considered.","Food count/size needs an explicit USDA portion selection.","https://fdc.nal.usda.gov/food-details/168464/nutrients"
"grilled-vegetables","Grilled Vegetables","4","1 small sweet potato, cut into small cubes","1","","count","","","","","","","","","","USDA correspondence not selected.",""
"grilled-vegetables","Grilled Vegetables","4","2 tablespoons olive oil","2","","tbsp","171413","Oil, olive, salad or cooking","SR Legacy","2018-04","27","","88667","USDA average estimate: 1 tablespoon = 13.5 g.","Draft computational correspondence, unreviewed. Oil, olive, salad or cooking. Generic olive oil approximation; extra-virgin/light qualifiers affect composition. SR household portions retained because Foundation oil has no normalized nutrient totals. SR Legacy snapshot 2018-04; release age must be considered.","","https://fdc.nal.usda.gov/food-details/171413/nutrients"
"grilled-vegetables","Grilled Vegetables","4","1 clove garlic, minced","1","","clove","169230","Garlic, raw","SR Legacy","2018-04","3","","84480","USDA average estimate: 1 clove = 3 g.","Draft computational correspondence, unreviewed. Garlic, raw. Raw garlic; USDA generic clove is 3 g. Large/small clove and whole-head weights are not size-specific. SR Legacy snapshot 2018-04; release age must be considered.","","https://fdc.nal.usda.gov/food-details/169230/nutrients"
"grilled-vegetables","Grilled Vegetables","4","Pinch of salt","","","","173468","Salt, table","SR Legacy","2018-04","","","","","Draft computational correspondence, unreviewed. Salt, table. Table salt composition approximation; sea/kosher salt density differs, so volume for those qualifiers is unresolved. Pinch/to-taste has no invented gram weight. SR Legacy snapshot 2018-04; release age must be considered.","Unmeasured pinch, sprinkle or to-taste amount; weight unresolved. No measured quantity; weight unresolved. Measured weight requires source review.","https://fdc.nal.usda.gov/food-details/173468/nutrients"
"grilled-vegetables","Grilled Vegetables","4","Pepper to taste","","","","170931","Spices, pepper, black","SR Legacy","2018-04","","","","","Draft computational correspondence, unreviewed. Spices, pepper, black. Generic dried spice/seed or leavening agent; unspecified brand and grind approximated. SR Legacy snapshot 2018-04; release age must be considered.","Unmeasured pinch, sprinkle or to-taste amount; weight unresolved. No measured quantity; weight unresolved. Measured weight requires source review.","https://fdc.nal.usda.gov/food-details/170931/nutrients"
"noodles-romano","Noodles Romano","6","1/2 cup unsalted butter (divided)","0.5","","cup","173430","Butter, without salt","SR Legacy","2018-04","113.5","","92513","USDA average estimate: 1 cup = 227 g.","Draft computational correspondence, unreviewed. Butter, without salt. Unsalted butter, not salted. SR Legacy snapshot 2018-04; release age must be considered.","","https://fdc.nal.usda.gov/food-details/173430/nutrients"
"noodles-romano","Noodles Romano","6","2 tablespoons dried parsley","2","","tbsp","170930","Spices, parsley, dried","SR Legacy","2018-04","3.2","","87559","USDA average estimate: 1 tbsp = 1.6 g.","Draft computational correspondence, unreviewed. Spices, parsley, dried. Dried parsley, not fresh parsley. SR Legacy snapshot 2018-04; release age must be considered.","","https://fdc.nal.usda.gov/food-details/170930/nutrients"
"noodles-romano","Noodles Romano","6","1 teaspoon dried basil","1","","tsp","171317","Spices, basil, dried","SR Legacy","2018-04","","","","","Draft computational correspondence, unreviewed. Spices, basil, dried. Generic dried spice/seed or leavening agent; unspecified brand and grind approximated. SR Legacy snapshot 2018-04; release age must be considered.","Multiple household portion weights require an explicit choice.","https://fdc.nal.usda.gov/food-details/171317/nutrients"
"noodles-romano","Noodles Romano","6","6 ounces light or reduced-fat cream cheese","6","","oz","169079","Cheese, cream, low fat","SR Legacy","2018-04","170.09713875","","","Explicit source mass; exact unit conversion, edible yield not adjusted.","Draft computational correspondence, unreviewed. Cheese, cream, low fat. Low-fat cream cheese approximation; exact light product unspecified. SR Legacy snapshot 2018-04; release age must be considered.","","https://fdc.nal.usda.gov/food-details/169079/nutrients"
"noodles-romano","Noodles Romano","6","1/8 teaspoon pepper","0.125","","tsp","170931","Spices, pepper, black","SR Legacy","2018-04","0.2875","","87560","USDA average estimate: 1 tsp, ground = 2.3 g.","Draft computational correspondence, unreviewed. Spices, pepper, black. Generic dried spice/seed or leavening agent; unspecified brand and grind approximated. SR Legacy snapshot 2018-04; release age must be considered.","","https://fdc.nal.usda.gov/food-details/170931/nutrients"
"noodles-romano","Noodles Romano","6","8 ounces whole wheat spaghetti","8","","oz","169738","Pasta, whole-wheat, dry (Includes foods for USDA's Food Distribution Program)","SR Legacy","2018-04","226.796185","","","Explicit source mass; exact unit conversion, edible yield not adjusted.","Draft computational correspondence, unreviewed. Pasta, whole-wheat, dry (Includes foods for USDA's Food Distribution Program). Whole-wheat dry pasta, not cooked pasta; explicit ounce mass. SR Legacy snapshot 2018-04; release age must be considered.","","https://fdc.nal.usda.gov/food-details/169738/nutrients"
"noodles-romano","Noodles Romano","6","1 garlic clove","1","","count","169230","Garlic, raw","SR Legacy","2018-04","","","","","Draft computational correspondence, unreviewed. Garlic, raw. Raw garlic; USDA generic clove is 3 g. Large/small clove and whole-head weights are not size-specific. SR Legacy snapshot 2018-04; release age must be considered.","USDA portion unit is incompatible with the source amount.","https://fdc.nal.usda.gov/food-details/169230/nutrients"
"noodles-romano","Noodles Romano","6","3/4 cup Parmesan cheese","0.75","","cup","171247","Cheese, parmesan, grated","SR Legacy","2018-04","75","","88261","USDA average estimate: 1 cup = 100 g.","Draft computational correspondence, unreviewed. Cheese, parmesan, grated. Generic grated Parmesan; freshly grated source approximated by USDA grated cheese. SR Legacy snapshot 2018-04; release age must be considered.","","https://fdc.nal.usda.gov/food-details/171247/nutrients"
"quinoa-with-black-beans-and-avocado","Quinoa With Black Beans and Avocado","6","1 tablespoon olive oil","1","","tbsp","171413","Oil, olive, salad or cooking","SR Legacy","2018-04","13.5","","88667","USDA average estimate: 1 tablespoon = 13.5 g.","Draft computational correspondence, unreviewed. Oil, olive, salad or cooking. Generic olive oil approximation; extra-virgin/light qualifiers affect composition. SR household portions retained because Foundation oil has no normalized nutrient totals. SR Legacy snapshot 2018-04; release age must be considered.","","https://fdc.nal.usda.gov/food-details/171413/nutrients"
"quinoa-with-black-beans-and-avocado","Quinoa With Black Beans and Avocado","6","1 cup dry quinoa, rinsed","1","","cup","168874","Quinoa, uncooked","SR Legacy","2018-04","170","","83924","USDA average estimate: 1 cup = 170 g.","Draft computational correspondence, unreviewed. Quinoa, uncooked. Dry uncooked quinoa. SR Legacy snapshot 2018-04; release age must be considered.","","https://fdc.nal.usda.gov/food-details/168874/nutrients"
"quinoa-with-black-beans-and-avocado","Quinoa With Black Beans and Avocado","6","1 3/4 cups water","1.75","","cup","174158","Water, bottled, generic","SR Legacy","2018-04","414.75","","93846","USDA average estimate: 1 cup = 237 g.","Draft computational correspondence, unreviewed. Water, bottled, generic. Plain water; generic bottled water mineral composition is an approximation. SR Legacy snapshot 2018-04; release age must be considered.","","https://fdc.nal.usda.gov/food-details/174158/nutrients"
"quinoa-with-black-beans-and-avocado","Quinoa With Black Beans and Avocado","6","1 can (16 ounces) low-sodium black beans, drained and rinsed (rinse twice to reduce sodium)","1","","can","","","","","","","","","","USDA correspondence not selected.",""
"quinoa-with-black-beans-and-avocado","Quinoa With Black Beans and Avocado","6","1 avocado, chopped into chunks","1","","count","171705","Avocados, raw, all commercial varieties","SR Legacy","2018-04","201","","89226","USDA average estimate: 1 avocado, NS as to Florida or California = 201 g.","Draft computational correspondence, unreviewed. Avocados, raw, all commercial varieties. Raw avocado all varieties; USDA average edible fruit approximation. SR Legacy snapshot 2018-04; release age must be considered.","","https://fdc.nal.usda.gov/food-details/171705/nutrients"
"quinoa-with-black-beans-and-avocado","Quinoa With Black Beans and Avocado","6","Dressing:","","","","","","","","","","","","","",""
"quinoa-with-black-beans-and-avocado","Quinoa With Black Beans and Avocado","6","1 lime, juiced","1","","count","168156","Lime juice, raw","SR Legacy","2018-04","44","","82574","USDA average estimate: 1 lime yields = 44 g.","Draft computational correspondence, unreviewed. Lime juice, raw. Raw lime juice, not whole lime. SR Legacy snapshot 2018-04; release age must be considered.","","https://fdc.nal.usda.gov/food-details/168156/nutrients"
"quinoa-with-black-beans-and-avocado","Quinoa With Black Beans and Avocado","6","1/2 tablespoon olive oil","0.5","","tbsp","171413","Oil, olive, salad or cooking","SR Legacy","2018-04","6.75","","88667","USDA average estimate: 1 tablespoon = 13.5 g.","Draft computational correspondence, unreviewed. Oil, olive, salad or cooking. Generic olive oil approximation; extra-virgin/light qualifiers affect composition. SR household portions retained because Foundation oil has no normalized nutrient totals. SR Legacy snapshot 2018-04; release age must be considered.","","https://fdc.nal.usda.gov/food-details/171413/nutrients"
"quinoa-with-black-beans-and-avocado","Quinoa With Black Beans and Avocado","6","3/4 cup cherry tomatoes, quartered","0.75","","cup","170457","Tomatoes, red, ripe, raw, year round average","SR Legacy","2018-04","111.75","","86681","USDA average estimate: 1 cup cherry tomatoes = 149 g.","Draft computational correspondence, unreviewed. Tomatoes, red, ripe, raw, year round average. Raw ripe red tomatoes year-round average. SR Legacy snapshot 2018-04; release age must be considered.","","https://fdc.nal.usda.gov/food-details/170457/nutrients"
"quinoa-with-black-beans-and-avocado","Quinoa With Black Beans and Avocado","6","1/2 medium red onion, diced","0.5","","count","170000","Onions, raw","SR Legacy","2018-04","55","","85860","USDA average estimate: 1 medium (2-1/2"" dia) = 110 g.","Draft computational correspondence, unreviewed. Onions, raw. Generic raw onion; red/yellow variety approximated by generic onion to retain compatible household portions. SR Legacy snapshot 2018-04; release age must be considered.","","https://fdc.nal.usda.gov/food-details/170000/nutrients"
"quinoa-with-black-beans-and-avocado","Quinoa With Black Beans and Avocado","6","1 small garlic clove, minced","1","","count","169230","Garlic, raw","SR Legacy","2018-04","","","","","Draft computational correspondence, unreviewed. Garlic, raw. Raw garlic; USDA generic clove is 3 g. Large/small clove and whole-head weights are not size-specific. SR Legacy snapshot 2018-04; release age must be considered.","USDA portion unit is incompatible with the source amount.","https://fdc.nal.usda.gov/food-details/169230/nutrients"
"quinoa-with-black-beans-and-avocado","Quinoa With Black Beans and Avocado","6","1 medium red bell pepper, chopped into chunks","1","","count","170108","Peppers, sweet, red, raw","SR Legacy","2018-04","119","","86066","USDA average estimate: 1 medium (approx 2-3/4"" long, 2-1/2 dia.) = 119 g.","Draft computational correspondence, unreviewed. Peppers, sweet, red, raw. Raw red sweet pepper. SR Legacy snapshot 2018-04; release age must be considered.","","https://fdc.nal.usda.gov/food-details/170108/nutrients"
"quinoa-with-black-beans-and-avocado","Quinoa With Black Beans and Avocado","6","1/4 cup fresh cilantro, chopped","0.25","","cup","169997","Coriander (cilantro) leaves, raw","SR Legacy","2018-04","","","","","Draft computational correspondence, unreviewed. Coriander (cilantro) leaves, raw. Fresh cilantro leaves; chopped volume approximated by USDA raw leaves cup. SR Legacy snapshot 2018-04; release age must be considered.","Preparation-specific household weight is unavailable; measure edible grams.","https://fdc.nal.usda.gov/food-details/169997/nutrients"
"quinoa-with-black-beans-and-avocado","Quinoa With Black Beans and Avocado","6","1/2 teaspoon cumin","0.5","","tsp","170923","Spices, cumin seed","SR Legacy","2018-04","","","","","Draft computational correspondence, unreviewed. Spices, cumin seed. Generic dried spice/seed or leavening agent; unspecified brand and grind approximated. SR Legacy snapshot 2018-04; release age must be considered.","USDA portion unit is incompatible with the source amount.","https://fdc.nal.usda.gov/food-details/170923/nutrients"
"roasted-vegetables","Roasted Vegetables","8","1 small butternut squash, cubed","1","","count","169295","Squash, winter, butternut, raw","SR Legacy","2018-04","","","","","Draft computational correspondence, unreviewed. Squash, winter, butternut, raw. Raw butternut squash; small whole-squash count has no compatible USDA portion. SR Legacy snapshot 2018-04; release age must be considered.","Food count/size needs an explicit USDA portion selection.","https://fdc.nal.usda.gov/food-details/169295/nutrients"
"roasted-vegetables","Roasted Vegetables","8","2 medium red bell peppers, seeded and diced","2","","count","170108","Peppers, sweet, red, raw","SR Legacy","2018-04","238","","86066","USDA average estimate: 1 medium (approx 2-3/4"" long, 2-1/2 dia.) = 119 g.","Draft computational correspondence, unreviewed. Peppers, sweet, red, raw. Raw red sweet pepper. SR Legacy snapshot 2018-04; release age must be considered.","","https://fdc.nal.usda.gov/food-details/170108/nutrients"
"roasted-vegetables","Roasted Vegetables","8","1 small sweet potato, peeled and cubed","1","","count","","","","","","","","","","USDA correspondence not selected.",""
"roasted-vegetables","Roasted Vegetables","8","2 small Yukon Gold potatoes, cubed","2","","count","","","","","","","","","","USDA correspondence not selected.",""
"roasted-vegetables","Roasted Vegetables","8","1 medium red onion, quartered","1","","count","170000","Onions, raw","SR Legacy","2018-04","110","","85860","USDA average estimate: 1 medium (2-1/2"" dia) = 110 g.","Draft computational correspondence, unreviewed. Onions, raw. Generic raw onion; red/yellow variety approximated by generic onion to retain compatible household portions. SR Legacy snapshot 2018-04; release age must be considered.","","https://fdc.nal.usda.gov/food-details/170000/nutrients"
"roasted-vegetables","Roasted Vegetables","8","1 tablespoon fresh thyme, chopped","1","","tbsp","173470","Thyme, fresh","SR Legacy","2018-04","","","","","Draft computational correspondence, unreviewed. Thyme, fresh. Fresh thyme; source sprigs have no compatible USDA mass. SR Legacy snapshot 2018-04; release age must be considered.","Preparation-specific household weight is unavailable; measure edible grams.","https://fdc.nal.usda.gov/food-details/173470/nutrients"
"roasted-vegetables","Roasted Vegetables","8","2 tablespoons fresh rosemary, chopped","2","","tbsp","173473","Rosemary, fresh","SR Legacy","2018-04","","","","","Draft computational correspondence, unreviewed. Rosemary, fresh. Fresh rosemary; extra sprigs unspecified and no sprig-to-gram conversion. SR Legacy snapshot 2018-04; release age must be considered.","Preparation-specific household weight is unavailable; measure edible grams.","https://fdc.nal.usda.gov/food-details/173473/nutrients"
"roasted-vegetables","Roasted Vegetables","8","3 tablespoons olive oil","3","","tbsp","171413","Oil, olive, salad or cooking","SR Legacy","2018-04","40.5","","88667","USDA average estimate: 1 tablespoon = 13.5 g.","Draft computational correspondence, unreviewed. Oil, olive, salad or cooking. Generic olive oil approximation; extra-virgin/light qualifiers affect composition. SR household portions retained because Foundation oil has no normalized nutrient totals. SR Legacy snapshot 2018-04; release age must be considered.","","https://fdc.nal.usda.gov/food-details/171413/nutrients"
"roasted-vegetables","Roasted Vegetables","8","1 1/2 tablespoons balsamic vinegar","1.5","","tbsp","172241","Vinegar, balsamic","SR Legacy","2018-04","24","","90145","USDA average estimate: 1 tbsp = 16 g.","Draft computational correspondence, unreviewed. Vinegar, balsamic. Balsamic vinegar. SR Legacy snapshot 2018-04; release age must be considered.","","https://fdc.nal.usda.gov/food-details/172241/nutrients"
"roasted-vegetables","Roasted Vegetables","8","Salt to taste","","","","173468","Salt, table","SR Legacy","2018-04","","","","","Draft computational correspondence, unreviewed. Salt, table. Table salt composition approximation; sea/kosher salt density differs, so volume for those qualifiers is unresolved. Pinch/to-taste has no invented gram weight. SR Legacy snapshot 2018-04; release age must be considered.","Unmeasured pinch, sprinkle or to-taste amount; weight unresolved. No measured quantity; weight unresolved. Measured weight requires source review.","https://fdc.nal.usda.gov/food-details/173468/nutrients"
"roasted-vegetables","Roasted Vegetables","8","Freshly ground black pepper","","","","170931","Spices, pepper, black","SR Legacy","2018-04","","","","","Draft computational correspondence, unreviewed. Spices, pepper, black. Generic dried spice/seed or leavening agent; unspecified brand and grind approximated. SR Legacy snapshot 2018-04; release age must be considered.","No measured quantity; weight unresolved. Measured weight requires source review.","https://fdc.nal.usda.gov/food-details/170931/nutrients"
"couscous-and-feta-stuffed-peppers","Couscous and Feta-Stuffed Peppers","4","Vegetable oil cooking spray","","","","","","","","","","","","","No measured quantity; weight unresolved. USDA correspondence not selected.",""
"couscous-and-feta-stuffed-peppers","Couscous and Feta-Stuffed Peppers","4","1 1/4 cups low-sodium chicken or vegetable broth","1.25","","cup","","","","","","","","","","USDA correspondence not selected.",""
"couscous-and-feta-stuffed-peppers","Couscous and Feta-Stuffed Peppers","4","2/3 cup couscous","0.6666666666666666","","cup","169699","Couscous, dry","SR Legacy","2018-04","115.33333333333333","","85371","USDA average estimate: 1 cup = 173 g.","Draft computational correspondence, unreviewed. Couscous, dry. Dry uncooked couscous. SR Legacy snapshot 2018-04; release age must be considered.","","https://fdc.nal.usda.gov/food-details/169699/nutrients"
"couscous-and-feta-stuffed-peppers","Couscous and Feta-Stuffed Peppers","4","4 large bell peppers, mixed colors","4","","count","","","","","","","","","","USDA correspondence not selected.",""
"couscous-and-feta-stuffed-peppers","Couscous and Feta-Stuffed Peppers","4","1 1/4 tablespoon olive oil","1.25","","tbsp","171413","Oil, olive, salad or cooking","SR Legacy","2018-04","16.875","","88667","USDA average estimate: 1 tablespoon = 13.5 g.","Draft computational correspondence, unreviewed. Oil, olive, salad or cooking. Generic olive oil approximation; extra-virgin/light qualifiers affect composition. SR household portions retained because Foundation oil has no normalized nutrient totals. SR Legacy snapshot 2018-04; release age must be considered.","","https://fdc.nal.usda.gov/food-details/171413/nutrients"
"couscous-and-feta-stuffed-peppers","Couscous and Feta-Stuffed Peppers","4","1/2 cup onion, chopped","0.5","","cup","170000","Onions, raw","SR Legacy","2018-04","80","","85855","USDA average estimate: 1 cup, chopped = 160 g.","Draft computational correspondence, unreviewed. Onions, raw. Generic raw onion; red/yellow variety approximated by generic onion to retain compatible household portions. SR Legacy snapshot 2018-04; release age must be considered.","","https://fdc.nal.usda.gov/food-details/170000/nutrients"
"couscous-and-feta-stuffed-peppers","Couscous and Feta-Stuffed Peppers","4","6 ounces zucchini, quartered lengthwise, then sliced across thinly","6","","oz","169291","Squash, summer, zucchini, includes skin, raw","SR Legacy","2018-04","170.09713875","","","Explicit source mass; exact unit conversion, edible yield not adjusted.","Draft computational correspondence, unreviewed. Squash, summer, zucchini, includes skin, raw. Raw zucchini including skin. SR Legacy snapshot 2018-04; release age must be considered.","","https://fdc.nal.usda.gov/food-details/169291/nutrients"
"couscous-and-feta-stuffed-peppers","Couscous and Feta-Stuffed Peppers","4","6 ounces yellow squash, quartered lengthwise, then sliced across thinly","6","","oz","168464","Squash, summer, crookneck and straightneck, raw","SR Legacy","2018-04","170.09713875","","","Explicit source mass; exact unit conversion, edible yield not adjusted.","Draft computational correspondence, unreviewed. Squash, summer, crookneck and straightneck, raw. Raw yellow crookneck/straightneck summer squash; count size not resolved by USDA. SR Legacy snapshot 2018-04; release age must be considered.","","https://fdc.nal.usda.gov/food-details/168464/nutrients"
"couscous-and-feta-stuffed-peppers","Couscous and Feta-Stuffed Peppers","4","1/2 teaspoon fennel seeds","0.5","","tsp","171323","Spices, fennel seed","SR Legacy","2018-04","","","","","Draft computational correspondence, unreviewed. Spices, fennel seed. Generic dried spice/seed or leavening agent; unspecified brand and grind approximated. SR Legacy snapshot 2018-04; release age must be considered.","USDA portion unit is incompatible with the source amount.","https://fdc.nal.usda.gov/food-details/171323/nutrients"
"couscous-and-feta-stuffed-peppers","Couscous and Feta-Stuffed Peppers","4","1/2 teaspoon dried oregano","0.5","","tsp","171328","Spices, oregano, dried","SR Legacy","2018-04","","","","","Draft computational correspondence, unreviewed. Spices, oregano, dried. Generic dried spice/seed or leavening agent; unspecified brand and grind approximated. SR Legacy snapshot 2018-04; release age must be considered.","Multiple household portion weights require an explicit choice.","https://fdc.nal.usda.gov/food-details/171328/nutrients"
"couscous-and-feta-stuffed-peppers","Couscous and Feta-Stuffed Peppers","4","1 cup cherry tomatoes, cut in half","1","","cup","170457","Tomatoes, red, ripe, raw, year round average","SR Legacy","2018-04","149","","86681","USDA average estimate: 1 cup cherry tomatoes = 149 g.","Draft computational correspondence, unreviewed. Tomatoes, red, ripe, raw, year round average. Raw ripe red tomatoes year-round average. SR Legacy snapshot 2018-04; release age must be considered.","","https://fdc.nal.usda.gov/food-details/170457/nutrients"
"couscous-and-feta-stuffed-peppers","Couscous and Feta-Stuffed Peppers","4","15 ounces canned low-sodium garbanzo beans, drained and rinsed","15","","oz","","","","","","","","","","USDA correspondence not selected.",""
"couscous-and-feta-stuffed-peppers","Couscous and Feta-Stuffed Peppers","4","4 ounces low-fat or reduced-fat crumbled feta cheese","4","","oz","","","","","","","","","","USDA correspondence not selected.",""
"grilled-salmon-with-papaya-mint-salsa","Grilled Salmon With Papaya-Mint Salsa","4","1/4 cup papaya, peeled and chopped","0.25","","cup","169926","Papayas, raw","SR Legacy","2018-04","","","","","Draft computational correspondence, unreviewed. Papayas, raw. Raw papaya edible flesh chopped. SR Legacy snapshot 2018-04; release age must be considered.","Preparation-specific household weight is unavailable; measure edible grams.","https://fdc.nal.usda.gov/food-details/169926/nutrients"
"grilled-salmon-with-papaya-mint-salsa","Grilled Salmon With Papaya-Mint Salsa","4","1/4 cup yellow bell pepper, chopped","0.25","","cup","169383","Peppers, sweet, yellow, raw","SR Legacy","2018-04","","","","","Draft computational correspondence, unreviewed. Peppers, sweet, yellow, raw. Raw yellow sweet pepper; USDA only large count portion exists so unspecified/medium count remains unresolved. SR Legacy snapshot 2018-04; release age must be considered.","Preparation-specific household weight is unavailable; measure edible grams.","https://fdc.nal.usda.gov/food-details/169383/nutrients"
"grilled-salmon-with-papaya-mint-salsa","Grilled Salmon With Papaya-Mint Salsa","4","1/4 cup green onion, thinly sliced","0.25","","cup","170005","Onions, spring or scallions (includes tops and bulb), raw","SR Legacy","2018-04","25","","85878","USDA average estimate: 1 cup, chopped = 100 g.","Draft computational correspondence, unreviewed. Onions, spring or scallions (includes tops and bulb), raw. Raw scallions including white and green parts. SR Legacy snapshot 2018-04; release age must be considered.","","https://fdc.nal.usda.gov/food-details/170005/nutrients"
"grilled-salmon-with-papaya-mint-salsa","Grilled Salmon With Papaya-Mint Salsa","4","1 tablespoon pimiento, chopped","1","","tbsp","168559","Pimento, canned","SR Legacy","2018-04","","","","","Draft computational correspondence, unreviewed. Pimento, canned. Canned pimento approximation for unspecified pimiento. SR Legacy snapshot 2018-04; release age must be considered.","Preparation-specific household weight is unavailable; measure edible grams.","https://fdc.nal.usda.gov/food-details/168559/nutrients"
"grilled-salmon-with-papaya-mint-salsa","Grilled Salmon With Papaya-Mint Salsa","4","1 tablespoon fresh mint, chopped","1","","tbsp","173475","Spearmint, fresh","SR Legacy","2018-04","","","","","Draft computational correspondence, unreviewed. Spearmint, fresh. Fresh spearmint approximation for unspecified fresh mint. SR Legacy snapshot 2018-04; release age must be considered.","Preparation-specific household weight is unavailable; measure edible grams.","https://fdc.nal.usda.gov/food-details/173475/nutrients"
"grilled-salmon-with-papaya-mint-salsa","Grilled Salmon With Papaya-Mint Salsa","4","1 tablespoon rice wine or white vinegar","1","","tbsp","","","","","","","","","","USDA correspondence not selected.",""
"grilled-salmon-with-papaya-mint-salsa","Grilled Salmon With Papaya-Mint Salsa","4","1 tablespoon fresh lime juice","1","","tbsp","168156","Lime juice, raw","SR Legacy","2018-04","15.125","","82572","USDA average estimate: 1 cup = 242 g. Household volume converted within this food only.","Draft computational correspondence, unreviewed. Lime juice, raw. Raw lime juice, not whole lime. SR Legacy snapshot 2018-04; release age must be considered.","","https://fdc.nal.usda.gov/food-details/168156/nutrients"
"grilled-salmon-with-papaya-mint-salsa","Grilled Salmon With Papaya-Mint Salsa","4","1 teaspoon fresh ginger, grated","1","","tsp","169231","Ginger root, raw","SR Legacy","2018-04","","","","","Draft computational correspondence, unreviewed. Ginger root, raw. Raw fresh ginger root; chopped/grated bulk density approximated by generic teaspoon. SR Legacy snapshot 2018-04; release age must be considered.","Preparation-specific household weight is unavailable; measure edible grams.","https://fdc.nal.usda.gov/food-details/169231/nutrients"
"grilled-salmon-with-papaya-mint-salsa","Grilled Salmon With Papaya-Mint Salsa","4","1 teaspoon jalapeño pepper, seeded and minced","1","","tsp","168576","Peppers, jalapeno, raw","SR Legacy","2018-04","","","","","Draft computational correspondence, unreviewed. Peppers, jalapeno, raw. Raw jalapeno; seeded source uses edible-pepper approximation. SR Legacy snapshot 2018-04; release age must be considered.","Preparation-specific household weight is unavailable; measure edible grams.","https://fdc.nal.usda.gov/food-details/168576/nutrients"
"grilled-salmon-with-papaya-mint-salsa","Grilled Salmon With Papaya-Mint Salsa","4","Vegetable oil cooking spray","","","","","","","","","","","","","No measured quantity; weight unresolved. USDA correspondence not selected.",""
"grilled-salmon-with-papaya-mint-salsa","Grilled Salmon With Papaya-Mint Salsa","4","4 salmon steaks (4 ounces each) or fillets, about 1 to","4","","count","","","","","","","","","","USDA correspondence not selected.",""
"grilled-salmon-with-papaya-mint-salsa","Grilled Salmon With Papaya-Mint Salsa","4","1 1/4 inches thick","","","","","","","","","","","","","No measured quantity; weight unresolved. USDA correspondence not selected.",""
"rosemary-sage-burger-with-apple-slaw-and-chive-mayo","Rosemary Sage Burger With Apple Slaw and Chive Mayo","4","Burgers:","","","","","","","","","","","","","",""
"rosemary-sage-burger-with-apple-slaw-and-chive-mayo","Rosemary Sage Burger With Apple Slaw and Chive Mayo","4","6 ounces 90 percent extra-lean ground round beef","6","","oz","2514743","Beef, ground, 90% lean meat / 10% fat, raw","Foundation","2026-04","170.09713875","","","Explicit source mass; exact unit conversion, edible yield not adjusted.","Draft computational correspondence, unreviewed. Beef, ground, 90% lean meat / 10% fat, raw. Foundation raw 90% lean ground beef; ground round subtype approximation, direct ounce weight. Foundation snapshot 2026-04; release age must be considered.","","https://fdc.nal.usda.gov/food-details/2514743/nutrients"
"rosemary-sage-burger-with-apple-slaw-and-chive-mayo","Rosemary Sage Burger With Apple Slaw and Chive Mayo","4","6 ounces lean ground pork","6","","oz","","","","","","","","","","USDA correspondence not selected.",""
"rosemary-sage-burger-with-apple-slaw-and-chive-mayo","Rosemary Sage Burger With Apple Slaw and Chive Mayo","4","1 tablespoon fresh rosemary, chopped","1","","tbsp","173473","Rosemary, fresh","SR Legacy","2018-04","","","","","Draft computational correspondence, unreviewed. Rosemary, fresh. Fresh rosemary; extra sprigs unspecified and no sprig-to-gram conversion. SR Legacy snapshot 2018-04; release age must be considered.","Preparation-specific household weight is unavailable; measure edible grams.","https://fdc.nal.usda.gov/food-details/173473/nutrients"
"rosemary-sage-burger-with-apple-slaw-and-chive-mayo","Rosemary Sage Burger With Apple Slaw and Chive Mayo","4","Chive mayo:","","","","","","","","","","","","","",""
"rosemary-sage-burger-with-apple-slaw-and-chive-mayo","Rosemary Sage Burger With Apple Slaw and Chive Mayo","4","1/2 cup nonfat sour cream","0.5","","cup","173444","Sour cream, fat free","SR Legacy","2018-04","115","","92549","USDA average estimate: 1 cup = 230 g.","Draft computational correspondence, unreviewed. Sour cream, fat free. Fat-free sour cream. SR Legacy snapshot 2018-04; release age must be considered.","","https://fdc.nal.usda.gov/food-details/173444/nutrients"
"rosemary-sage-burger-with-apple-slaw-and-chive-mayo","Rosemary Sage Burger With Apple Slaw and Chive Mayo","4","2 tablespoons chives, chopped","2","","tbsp","169994","Chives, raw","SR Legacy","2018-04","6","","85839","USDA average estimate: 1 tbsp chopped = 3 g.","Draft computational correspondence, unreviewed. Chives, raw. Raw chives chopped. SR Legacy snapshot 2018-04; release age must be considered.","","https://fdc.nal.usda.gov/food-details/169994/nutrients"
"rosemary-sage-burger-with-apple-slaw-and-chive-mayo","Rosemary Sage Burger With Apple Slaw and Chive Mayo","4","Apple slaw:","","","","","","","","","","","","","",""
"rosemary-sage-burger-with-apple-slaw-and-chive-mayo","Rosemary Sage Burger With Apple Slaw and Chive Mayo","4","3 medium green apples, peeled, cored and grated","3","","count","171689","Apples, raw, without skin","SR Legacy","2018-04","483","","89199","USDA average estimate: 1 medium (3"" dia) = 161 g.","Draft computational correspondence, unreviewed. Apples, raw, without skin. Raw apple without skin; source green apple subtype approximated by generic peeled apple. SR Legacy snapshot 2018-04; release age must be considered.","","https://fdc.nal.usda.gov/food-details/171689/nutrients"
"rosemary-sage-burger-with-apple-slaw-and-chive-mayo","Rosemary Sage Burger With Apple Slaw and Chive Mayo","4","1 teaspoon ground sage","1","","tsp","170935","Spices, sage, ground","SR Legacy","2018-04","0.7","","87570","USDA average estimate: 1 tsp = 0.7 g.","Draft computational correspondence, unreviewed. Spices, sage, ground. Generic dried spice/seed or leavening agent; unspecified brand and grind approximated. SR Legacy snapshot 2018-04; release age must be considered.","","https://fdc.nal.usda.gov/food-details/170935/nutrients"
"rosemary-sage-burger-with-apple-slaw-and-chive-mayo","Rosemary Sage Burger With Apple Slaw and Chive Mayo","4","1/4 teaspoon salt","0.25","","tsp","173468","Salt, table","SR Legacy","2018-04","1.5","","92594","USDA average estimate: 1 tsp = 6 g.","Draft computational correspondence, unreviewed. Salt, table. Table salt composition approximation; sea/kosher salt density differs, so volume for those qualifiers is unresolved. Pinch/to-taste has no invented gram weight. SR Legacy snapshot 2018-04; release age must be considered.","","https://fdc.nal.usda.gov/food-details/173468/nutrients"
"rosemary-sage-burger-with-apple-slaw-and-chive-mayo","Rosemary Sage Burger With Apple Slaw and Chive Mayo","4","4 whole-grain buns","4","","count","","","","","","","","","","USDA correspondence not selected.",""
"rosemary-sage-burger-with-apple-slaw-and-chive-mayo","Rosemary Sage Burger With Apple Slaw and Chive Mayo","4","1 cup baby spinach leaves","1","","cup","168462","Spinach, raw","SR Legacy","2018-04","30","","83132","USDA average estimate: 1 cup = 30 g.","Draft computational correspondence, unreviewed. Spinach, raw. Raw spinach; baby leaves approximated by generic raw spinach household cup. SR Legacy snapshot 2018-04; release age must be considered.","","https://fdc.nal.usda.gov/food-details/168462/nutrients"
"rosemary-sage-burger-with-apple-slaw-and-chive-mayo","Rosemary Sage Burger With Apple Slaw and Chive Mayo","4","1 dash salt","1","","count","173468","Salt, table","SR Legacy","2018-04","","","","","Draft computational correspondence, unreviewed. Salt, table. Table salt composition approximation; sea/kosher salt density differs, so volume for those qualifiers is unresolved. Pinch/to-taste has no invented gram weight. SR Legacy snapshot 2018-04; release age must be considered.","Food count/size needs an explicit USDA portion selection.","https://fdc.nal.usda.gov/food-details/173468/nutrients"
"rosemary-sage-burger-with-apple-slaw-and-chive-mayo","Rosemary Sage Burger With Apple Slaw and Chive Mayo","4","1 dash pepper","1","","count","170931","Spices, pepper, black","SR Legacy","2018-04","0.1","","87563","USDA average estimate: 1 dash = 0.1 g.","Draft computational correspondence, unreviewed. Spices, pepper, black. Generic dried spice/seed or leavening agent; unspecified brand and grind approximated. SR Legacy snapshot 2018-04; release age must be considered.","","https://fdc.nal.usda.gov/food-details/170931/nutrients"
"rosemary-sage-burger-with-apple-slaw-and-chive-mayo","Rosemary Sage Burger With Apple Slaw and Chive Mayo","4","2 teaspoons extra-virgin olive oil","2","","tsp","171413","Oil, olive, salad or cooking","SR Legacy","2018-04","9","","88669","USDA average estimate: 1 tsp = 4.5 g.","Draft computational correspondence, unreviewed. Oil, olive, salad or cooking. Generic olive oil approximation; extra-virgin/light qualifiers affect composition. SR household portions retained because Foundation oil has no normalized nutrient totals. SR Legacy snapshot 2018-04; release age must be considered.","","https://fdc.nal.usda.gov/food-details/171413/nutrients"
"rosemary-sage-burger-with-apple-slaw-and-chive-mayo","Rosemary Sage Burger With Apple Slaw and Chive Mayo","4","1 teaspoon fresh lemon juice","1","","tsp","167747","Lemon juice, raw","SR Legacy","2018-04","5.083333333333333","","81887","USDA average estimate: 1 cup = 244 g. Household volume converted within this food only.","Draft computational correspondence, unreviewed. Lemon juice, raw. Raw lemon juice, not whole fruit. SR Legacy snapshot 2018-04; release age must be considered.","","https://fdc.nal.usda.gov/food-details/167747/nutrients"
"peach-pork-tenderloin","Peach Pork Tenderloin","8","2 pork tenderloins (1 pound each), trimmed","2","","count","168249","Pork, fresh, loin, tenderloin, separable lean only, raw","SR Legacy","2018-04","907.18474","","","Explicit source piece count × mass per piece; edible yield not adjusted.","Draft computational correspondence, unreviewed. Pork, fresh, loin, tenderloin, separable lean only, raw. Raw trimmed pork tenderloin separable lean only; explicit pound mass. SR Legacy snapshot 2018-04; release age must be considered.","","https://fdc.nal.usda.gov/food-details/168249/nutrients"
"peach-pork-tenderloin","Peach Pork Tenderloin","8","Salt (optional) Fresh ground black pepper","","","","","","","","","","","","","No measured quantity; weight unresolved. USDA correspondence not selected.",""
"peach-pork-tenderloin","Peach Pork Tenderloin","8","1/2 teaspoon olive oil","0.5","","tsp","171413","Oil, olive, salad or cooking","SR Legacy","2018-04","2.25","","88669","USDA average estimate: 1 tsp = 4.5 g.","Draft computational correspondence, unreviewed. Oil, olive, salad or cooking. Generic olive oil approximation; extra-virgin/light qualifiers affect composition. SR household portions retained because Foundation oil has no normalized nutrient totals. SR Legacy snapshot 2018-04; release age must be considered.","","https://fdc.nal.usda.gov/food-details/171413/nutrients"
"peach-pork-tenderloin","Peach Pork Tenderloin","8","3 medium peaches (firm but ripe), pitted and wedged","3","","count","325430","Peaches, yellow, raw","Foundation","2026-04","483","","119284","USDA average estimate: 1 medium (2-2/3"" dia) = 161 g.","Draft computational correspondence, unreviewed. Peaches, yellow, raw. Foundation yellow peach edible fruit, generic yellow peach approximation. Foundation snapshot 2026-04; release age must be considered.","","https://fdc.nal.usda.gov/food-details/325430/nutrients"
"peach-pork-tenderloin","Peach Pork Tenderloin","8","1/2 cup dry white wine or white wine vinegar","0.5","","cup","","","","","","","","","","USDA correspondence not selected.",""
"peach-pork-tenderloin","Peach Pork Tenderloin","8","1/3 cup packed light brown sugar","0.3333333333333333","","cup","168833","Sugars, brown","SR Legacy","2018-04","73.33333333333333","","83855","USDA average estimate: 1 cup packed = 220 g.","Draft computational correspondence, unreviewed. Sugars, brown. Brown sugar; light subtype approximated by generic brown sugar. SR Legacy snapshot 2018-04; release age must be considered.","","https://fdc.nal.usda.gov/food-details/168833/nutrients"
"peach-pork-tenderloin","Peach Pork Tenderloin","8","1/2 cup water","0.5","","cup","174158","Water, bottled, generic","SR Legacy","2018-04","118.5","","93846","USDA average estimate: 1 cup = 237 g.","Draft computational correspondence, unreviewed. Water, bottled, generic. Plain water; generic bottled water mineral composition is an approximation. SR Legacy snapshot 2018-04; release age must be considered.","","https://fdc.nal.usda.gov/food-details/174158/nutrients"
"peach-pork-tenderloin","Peach Pork Tenderloin","8","1 lemon, juiced","1","","count","167747","Lemon juice, raw","SR Legacy","2018-04","48","","81889","USDA average estimate: 1 lemon yields = 48 g.","Draft computational correspondence, unreviewed. Lemon juice, raw. Raw lemon juice, not whole fruit. SR Legacy snapshot 2018-04; release age must be considered.","","https://fdc.nal.usda.gov/food-details/167747/nutrients"
"peach-pork-tenderloin","Peach Pork Tenderloin","8","2 teaspoons whole-grain mustard","2","","tsp","","","","","","","","","","USDA correspondence not selected.",""
"peach-pork-tenderloin","Peach Pork Tenderloin","8","1/4 teaspoon pepper","0.25","","tsp","170931","Spices, pepper, black","SR Legacy","2018-04","0.575","","87560","USDA average estimate: 1 tsp, ground = 2.3 g.","Draft computational correspondence, unreviewed. Spices, pepper, black. Generic dried spice/seed or leavening agent; unspecified brand and grind approximated. SR Legacy snapshot 2018-04; release age must be considered.","","https://fdc.nal.usda.gov/food-details/170931/nutrients"
"peach-pork-tenderloin","Peach Pork Tenderloin","8","1/4 teaspoon fresh rosemary, chopped plus 1 to 2 additional springs","0.25","","tsp","173473","Rosemary, fresh","SR Legacy","2018-04","","","","","Draft computational correspondence, unreviewed. Rosemary, fresh. Fresh rosemary; extra sprigs unspecified and no sprig-to-gram conversion. SR Legacy snapshot 2018-04; release age must be considered.","Additional ingredient quantity requires review.","https://fdc.nal.usda.gov/food-details/173473/nutrients"
"salmon-with-pineapple-salsa","Salmon With Pineapple Salsa","6","1 1/2 pounds salmon fillets","1.5","","lb","","","","","","","","","","USDA correspondence not selected.",""
"salmon-with-pineapple-salsa","Salmon With Pineapple Salsa","6","Marinade:","","","","","","","","","","","","","",""
"salmon-with-pineapple-salsa","Salmon With Pineapple Salsa","6","2 tablespoons low-sodium soy sauce","2","","tbsp","172473","Soy sauce made from soy and wheat (shoyu), low sodium","SR Legacy","2018-04","28.4","","90677","USDA average estimate: 1 tbsp = 14.2 g.","Draft computational correspondence, unreviewed. Soy sauce made from soy and wheat (shoyu), low sodium. Generic low-sodium shoyu; product-specific reduction varies, not regular soy sauce. SR Legacy snapshot 2018-04; release age must be considered.","","https://fdc.nal.usda.gov/food-details/172473/nutrients"
"salmon-with-pineapple-salsa","Salmon With Pineapple Salsa","6","1/2 clove garlic, minced","0.5","","clove","169230","Garlic, raw","SR Legacy","2018-04","1.5","","84480","USDA average estimate: 1 clove = 3 g.","Draft computational correspondence, unreviewed. Garlic, raw. Raw garlic; USDA generic clove is 3 g. Large/small clove and whole-head weights are not size-specific. SR Legacy snapshot 2018-04; release age must be considered.","","https://fdc.nal.usda.gov/food-details/169230/nutrients"
"salmon-with-pineapple-salsa","Salmon With Pineapple Salsa","6","1/4 teaspoon ground ginger","0.25","","tsp","170926","Spices, ginger, ground","SR Legacy","2018-04","0.45","","87550","USDA average estimate: 1 tsp = 1.8 g.","Draft computational correspondence, unreviewed. Spices, ginger, ground. Dried ground ginger, not fresh root. SR Legacy snapshot 2018-04; release age must be considered.","","https://fdc.nal.usda.gov/food-details/170926/nutrients"
"salmon-with-pineapple-salsa","Salmon With Pineapple Salsa","6","2 tablespoons brown sugar","2","","tbsp","168833","Sugars, brown","SR Legacy","2018-04","","","","","Draft computational correspondence, unreviewed. Sugars, brown. Brown sugar; light subtype approximated by generic brown sugar. SR Legacy snapshot 2018-04; release age must be considered.","Multiple household portion weights require an explicit choice.","https://fdc.nal.usda.gov/food-details/168833/nutrients"
"salmon-with-pineapple-salsa","Salmon With Pineapple Salsa","6","Pineapple salsa:","","","","","","","","","","","","","",""
"salmon-with-pineapple-salsa","Salmon With Pineapple Salsa","6","1/4 cup red bell pepper, finely chopped","0.25","","cup","170108","Peppers, sweet, red, raw","SR Legacy","2018-04","37.25","","86062","USDA average estimate: 1 cup, chopped = 149 g.","Draft computational correspondence, unreviewed. Peppers, sweet, red, raw. Raw red sweet pepper. SR Legacy snapshot 2018-04; release age must be considered.","","https://fdc.nal.usda.gov/food-details/170108/nutrients"
"salmon-with-pineapple-salsa","Salmon With Pineapple Salsa","6","2 tablespoons fresh cilantro, finely chopped","2","","tbsp","169997","Coriander (cilantro) leaves, raw","SR Legacy","2018-04","","","","","Draft computational correspondence, unreviewed. Coriander (cilantro) leaves, raw. Fresh cilantro leaves; chopped volume approximated by USDA raw leaves cup. SR Legacy snapshot 2018-04; release age must be considered.","Preparation-specific household weight is unavailable; measure edible grams.","https://fdc.nal.usda.gov/food-details/169997/nutrients"
"salmon-with-pineapple-salsa","Salmon With Pineapple Salsa","6","1/4 cup unsweetened pineapple juice","0.25","","cup","169947","Pineapple juice, canned or bottled, unsweetened, without added ascorbic acid","SR Legacy","2018-04","62.5","","85731","USDA average estimate: 1 cup = 250 g.","Draft computational correspondence, unreviewed. Pineapple juice, canned or bottled, unsweetened, without added ascorbic acid. Canned/bottled unsweetened pineapple juice, without added ascorbic acid selected. SR Legacy snapshot 2018-04; release age must be considered.","","https://fdc.nal.usda.gov/food-details/169947/nutrients"
"salmon-with-pineapple-salsa","Salmon With Pineapple Salsa","6","1 1/2 tablespoons apple cider vinegar","1.5","","tbsp","173469","Vinegar, cider","SR Legacy","2018-04","22.35","","92598","USDA average estimate: 1 tbsp = 14.9 g.","Draft computational correspondence, unreviewed. Vinegar, cider. Apple cider vinegar, not apple juice. SR Legacy snapshot 2018-04; release age must be considered.","","https://fdc.nal.usda.gov/food-details/173469/nutrients"
"salmon-with-pineapple-salsa","Salmon With Pineapple Salsa","6","2 tablespoons red onion, finely chopped","2","","tbsp","170000","Onions, raw","SR Legacy","2018-04","20","","85855","USDA average estimate: 1 cup, chopped = 160 g. Household volume converted within this food only.","Draft computational correspondence, unreviewed. Onions, raw. Generic raw onion; red/yellow variety approximated by generic onion to retain compatible household portions. SR Legacy snapshot 2018-04; release age must be considered.","","https://fdc.nal.usda.gov/food-details/170000/nutrients"
"salmon-with-pineapple-salsa","Salmon With Pineapple Salsa","6","1 cup fresh pineapple, chopped","1","","cup","169124","Pineapple, raw, all varieties","SR Legacy","2018-04","","","","","Draft computational correspondence, unreviewed. Pineapple, raw, all varieties. Raw pineapple all varieties chopped. SR Legacy snapshot 2018-04; release age must be considered.","Preparation-specific household weight is unavailable; measure edible grams.","https://fdc.nal.usda.gov/food-details/169124/nutrients"
"sweet-potato-burgers","Sweet Potato Burgers","4","1 medium sweet potato, peeled and cubed","1","","count","","","","","","","","","","USDA correspondence not selected.",""
"sweet-potato-burgers","Sweet Potato Burgers","4","1 can (15.5 ounces) low-sodium black beans","1","","can","","","","","","","","","","USDA correspondence not selected.",""
"sweet-potato-burgers","Sweet Potato Burgers","4","1/2 cup onion, chopped","0.5","","cup","170000","Onions, raw","SR Legacy","2018-04","80","","85855","USDA average estimate: 1 cup, chopped = 160 g.","Draft computational correspondence, unreviewed. Onions, raw. Generic raw onion; red/yellow variety approximated by generic onion to retain compatible household portions. SR Legacy snapshot 2018-04; release age must be considered.","","https://fdc.nal.usda.gov/food-details/170000/nutrients"
"sweet-potato-burgers","Sweet Potato Burgers","4","3/4 teaspoon apple cider vinegar","0.75","","tsp","173469","Vinegar, cider","SR Legacy","2018-04","3.75","","92600","USDA average estimate: 1 tsp = 5 g.","Draft computational correspondence, unreviewed. Vinegar, cider. Apple cider vinegar, not apple juice. SR Legacy snapshot 2018-04; release age must be considered.","","https://fdc.nal.usda.gov/food-details/173469/nutrients"
"sweet-potato-burgers","Sweet Potato Burgers","4","1 teaspoon garlic powder","1","","tsp","171325","Spices, garlic powder","SR Legacy","2018-04","3.1","","88439","USDA average estimate: 1 tsp = 3.1 g.","Draft computational correspondence, unreviewed. Spices, garlic powder. Dried garlic powder, not fresh garlic. SR Legacy snapshot 2018-04; release age must be considered.","","https://fdc.nal.usda.gov/food-details/171325/nutrients"
"sweet-potato-burgers","Sweet Potato Burgers","4","1/2 teaspoon chili powder","0.5","","tsp","171319","Spices, chili powder","SR Legacy","2018-04","1.35","","88427","USDA average estimate: 1 tsp = 2.7 g.","Draft computational correspondence, unreviewed. Spices, chili powder. Generic dried spice/seed or leavening agent; unspecified brand and grind approximated. SR Legacy snapshot 2018-04; release age must be considered.","","https://fdc.nal.usda.gov/food-details/171319/nutrients"
"sweet-potato-burgers","Sweet Potato Burgers","4","Pinch of salt","","","","173468","Salt, table","SR Legacy","2018-04","","","","","Draft computational correspondence, unreviewed. Salt, table. Table salt composition approximation; sea/kosher salt density differs, so volume for those qualifiers is unresolved. Pinch/to-taste has no invented gram weight. SR Legacy snapshot 2018-04; release age must be considered.","Unmeasured pinch, sprinkle or to-taste amount; weight unresolved. No measured quantity; weight unresolved. Measured weight requires source review.","https://fdc.nal.usda.gov/food-details/173468/nutrients"
"sweet-potato-burgers","Sweet Potato Burgers","4","1/3 cup all-purpose flour","0.3333333333333333","","cup","168936","Wheat flour, white, all-purpose, enriched, unbleached","SR Legacy","2018-04","41.666666666666664","","84024","USDA average estimate: 1 cup = 125 g.","Draft computational correspondence, unreviewed. Wheat flour, white, all-purpose, enriched, unbleached. All-purpose white enriched unbleached wheat flour approximation; brand/enrichment unspecified. SR Legacy snapshot 2018-04; release age must be considered.","","https://fdc.nal.usda.gov/food-details/168936/nutrients"
"sweet-potato-burgers","Sweet Potato Burgers","4","1 cup greens","1","","cup","","","","","","","","","","USDA correspondence not selected.",""
"sweet-potato-burgers","Sweet Potato Burgers","4","1 cup panko for coating","1","","cup","","","","","","","","","","USDA correspondence not selected.",""
"sweet-potato-burgers","Sweet Potato Burgers","4","1/4 cup olive oil","0.25","","cup","171413","Oil, olive, salad or cooking","SR Legacy","2018-04","54","","88668","USDA average estimate: 1 cup = 216 g.","Draft computational correspondence, unreviewed. Oil, olive, salad or cooking. Generic olive oil approximation; extra-virgin/light qualifiers affect composition. SR household portions retained because Foundation oil has no normalized nutrient totals. SR Legacy snapshot 2018-04; release age must be considered.","","https://fdc.nal.usda.gov/food-details/171413/nutrients"
"sweet-potato-burgers","Sweet Potato Burgers","4","4 whole-grain buns Toppings: Avocado, spicy mustard, greens and tomato","4","","count","","","","","","","","","","USDA correspondence not selected.",""
"baked-salmon","Baked Salmon","4","2 cloves garlic, minced","2","","clove","169230","Garlic, raw","SR Legacy","2018-04","6","","84480","USDA average estimate: 1 clove = 3 g.","Draft computational correspondence, unreviewed. Garlic, raw. Raw garlic; USDA generic clove is 3 g. Large/small clove and whole-head weights are not size-specific. SR Legacy snapshot 2018-04; release age must be considered.","","https://fdc.nal.usda.gov/food-details/169230/nutrients"
"baked-salmon","Baked Salmon","4","3 tablespoons light olive oil","3","","tbsp","171413","Oil, olive, salad or cooking","SR Legacy","2018-04","40.5","","88667","USDA average estimate: 1 tablespoon = 13.5 g.","Draft computational correspondence, unreviewed. Oil, olive, salad or cooking. Generic olive oil approximation; extra-virgin/light qualifiers affect composition. SR household portions retained because Foundation oil has no normalized nutrient totals. SR Legacy snapshot 2018-04; release age must be considered.","","https://fdc.nal.usda.gov/food-details/171413/nutrients"
"baked-salmon","Baked Salmon","4","1 teaspoon dried basil","1","","tsp","171317","Spices, basil, dried","SR Legacy","2018-04","","","","","Draft computational correspondence, unreviewed. Spices, basil, dried. Generic dried spice/seed or leavening agent; unspecified brand and grind approximated. SR Legacy snapshot 2018-04; release age must be considered.","Multiple household portion weights require an explicit choice.","https://fdc.nal.usda.gov/food-details/171317/nutrients"
"baked-salmon","Baked Salmon","4","Pinch of salt (optional)","","","","173468","Salt, table","SR Legacy","2018-04","","","","","Draft computational correspondence, unreviewed. Salt, table. Table salt composition approximation; sea/kosher salt density differs, so volume for those qualifiers is unresolved. Pinch/to-taste has no invented gram weight. SR Legacy snapshot 2018-04; release age must be considered.","Unmeasured pinch, sprinkle or to-taste amount; weight unresolved. No measured quantity; weight unresolved. Measured weight requires source review.","https://fdc.nal.usda.gov/food-details/173468/nutrients"
"baked-salmon","Baked Salmon","4","1/4 teaspoon ground black pepper","0.25","","tsp","170931","Spices, pepper, black","SR Legacy","2018-04","0.575","","87560","USDA average estimate: 1 tsp, ground = 2.3 g.","Draft computational correspondence, unreviewed. Spices, pepper, black. Generic dried spice/seed or leavening agent; unspecified brand and grind approximated. SR Legacy snapshot 2018-04; release age must be considered.","","https://fdc.nal.usda.gov/food-details/170931/nutrients"
"baked-salmon","Baked Salmon","4","1/2 tablespoon fresh lemon juice","0.5","","tbsp","167747","Lemon juice, raw","SR Legacy","2018-04","7.625","","81887","USDA average estimate: 1 cup = 244 g. Household volume converted within this food only.","Draft computational correspondence, unreviewed. Lemon juice, raw. Raw lemon juice, not whole fruit. SR Legacy snapshot 2018-04; release age must be considered.","","https://fdc.nal.usda.gov/food-details/167747/nutrients"
"baked-salmon","Baked Salmon","4","1/2 tablespoon fresh parsley, chopped","0.5","","tbsp","170416","Parsley, fresh","SR Legacy","2018-04","1.875","","86607","USDA average estimate: 1 cup chopped = 60 g. Household volume converted within this food only.","Draft computational correspondence, unreviewed. Parsley, fresh. Fresh parsley chopped; flat-leaf subtype approximated by generic fresh parsley. SR Legacy snapshot 2018-04; release age must be considered.","","https://fdc.nal.usda.gov/food-details/170416/nutrients"
"baked-salmon","Baked Salmon","4","4 4-ounce salmon fillets","4","","count","","","","","","","","","","USDA correspondence not selected.",""
"shrimp-and-crab-gumbo","Shrimp and Crab Gumbo","6","1/4 cup olive oil","0.25","","cup","171413","Oil, olive, salad or cooking","SR Legacy","2018-04","54","","88668","USDA average estimate: 1 cup = 216 g.","Draft computational correspondence, unreviewed. Oil, olive, salad or cooking. Generic olive oil approximation; extra-virgin/light qualifiers affect composition. SR household portions retained because Foundation oil has no normalized nutrient totals. SR Legacy snapshot 2018-04; release age must be considered.","","https://fdc.nal.usda.gov/food-details/171413/nutrients"
"shrimp-and-crab-gumbo","Shrimp and Crab Gumbo","6","1/3 cup all-purpose flour","0.3333333333333333","","cup","168936","Wheat flour, white, all-purpose, enriched, unbleached","SR Legacy","2018-04","41.666666666666664","","84024","USDA average estimate: 1 cup = 125 g.","Draft computational correspondence, unreviewed. Wheat flour, white, all-purpose, enriched, unbleached. All-purpose white enriched unbleached wheat flour approximation; brand/enrichment unspecified. SR Legacy snapshot 2018-04; release age must be considered.","","https://fdc.nal.usda.gov/food-details/168936/nutrients"
"shrimp-and-crab-gumbo","Shrimp and Crab Gumbo","6","1 cup bell pepper, chopped","1","","cup","","","","","","","","","","USDA correspondence not selected.",""
"shrimp-and-crab-gumbo","Shrimp and Crab Gumbo","6","1 1/2 cups onion, diced","1.5","","cup","170000","Onions, raw","SR Legacy","2018-04","240","","85855","USDA average estimate: 1 cup, chopped = 160 g.","Draft computational correspondence, unreviewed. Onions, raw. Generic raw onion; red/yellow variety approximated by generic onion to retain compatible household portions. SR Legacy snapshot 2018-04; release age must be considered.","","https://fdc.nal.usda.gov/food-details/170000/nutrients"
"shrimp-and-crab-gumbo","Shrimp and Crab Gumbo","6","1 clove garlic, chopped","1","","clove","169230","Garlic, raw","SR Legacy","2018-04","3","","84480","USDA average estimate: 1 clove = 3 g.","Draft computational correspondence, unreviewed. Garlic, raw. Raw garlic; USDA generic clove is 3 g. Large/small clove and whole-head weights are not size-specific. SR Legacy snapshot 2018-04; release age must be considered.","","https://fdc.nal.usda.gov/food-details/169230/nutrients"
"shrimp-and-crab-gumbo","Shrimp and Crab Gumbo","6","1 tablespoon celery leaves or diced celery","1","","tbsp","","","","","","","","","","USDA correspondence not selected.",""
"shrimp-and-crab-gumbo","Shrimp and Crab Gumbo","6","4 cups water (divided use)","4","","cup","174158","Water, bottled, generic","SR Legacy","2018-04","948","","93846","USDA average estimate: 1 cup = 237 g.","Draft computational correspondence, unreviewed. Water, bottled, generic. Plain water; generic bottled water mineral composition is an approximation. SR Legacy snapshot 2018-04; release age must be considered.","","https://fdc.nal.usda.gov/food-details/174158/nutrients"
"shrimp-and-crab-gumbo","Shrimp and Crab Gumbo","6","4 cups low-sodium chicken broth (see page 108)","4","","cup","","","","","","","","","","USDA correspondence not selected.",""
"shrimp-and-crab-gumbo","Shrimp and Crab Gumbo","6","8 ounces uncooked fresh shrimp","8","","oz","175179","Crustaceans, shrimp, raw","SR Legacy","2018-04","226.796185","","","Explicit source mass; exact unit conversion, edible yield not adjusted.","Draft computational correspondence, unreviewed. Crustaceans, shrimp, raw. Raw shrimp edible meat; excludes shell. Count size not resolved by USDA ounce portion. SR Legacy snapshot 2018-04; release age must be considered.","","https://fdc.nal.usda.gov/food-details/175179/nutrients"
"shrimp-and-crab-gumbo","Shrimp and Crab Gumbo","6","6 ounces crab meat (can also use imitation crab meat)","6","","oz","","","","","","","","","","USDA correspondence not selected.",""
"shrimp-and-crab-gumbo","Shrimp and Crab Gumbo","6","1 cup green onion tops, diced","1","","cup","170006","Onions, young green, tops only","SR Legacy","2018-04","","","","","Draft computational correspondence, unreviewed. Onions, young green, tops only. Raw green onion tops only. SR Legacy snapshot 2018-04; release age must be considered.","Preparation-specific household weight is unavailable; measure edible grams.","https://fdc.nal.usda.gov/food-details/170006/nutrients"
"shrimp-and-crab-gumbo","Shrimp and Crab Gumbo","6","1/4 cup fresh parsley, chopped","0.25","","cup","170416","Parsley, fresh","SR Legacy","2018-04","15","","86607","USDA average estimate: 1 cup chopped = 60 g.","Draft computational correspondence, unreviewed. Parsley, fresh. Fresh parsley chopped; flat-leaf subtype approximated by generic fresh parsley. SR Legacy snapshot 2018-04; release age must be considered.","","https://fdc.nal.usda.gov/food-details/170416/nutrients"
"shrimp-and-crab-gumbo","Shrimp and Crab Gumbo","6","Pepper to taste","","","","170931","Spices, pepper, black","SR Legacy","2018-04","","","","","Draft computational correspondence, unreviewed. Spices, pepper, black. Generic dried spice/seed or leavening agent; unspecified brand and grind approximated. SR Legacy snapshot 2018-04; release age must be considered.","Unmeasured pinch, sprinkle or to-taste amount; weight unresolved. No measured quantity; weight unresolved. Measured weight requires source review.","https://fdc.nal.usda.gov/food-details/170931/nutrients"
"shrimp-and-crab-gumbo","Shrimp and Crab Gumbo","6","1 teaspoon hot sauce (optional)","1","","tsp","174527","Sauce, ready-to-serve, pepper or hot","SR Legacy","2018-04","","","","","Draft computational correspondence, unreviewed. Sauce, ready-to-serve, pepper or hot. Generic pepper/hot sauce; brand unspecified, sodium varies. SR Legacy snapshot 2018-04; release age must be considered.","Multiple household portion weights require an explicit choice.","https://fdc.nal.usda.gov/food-details/174527/nutrients"
"shrimp-and-crab-gumbo","Shrimp and Crab Gumbo","6","6 cups cooked white rice (1 cup mixed in; 5 cups for serving gumbo over)","6","","cup","169757","Rice, white, long-grain, regular, unenriched, cooked without salt","SR Legacy","2018-04","948","","85462","USDA average estimate: 1 cup = 158 g.","Draft computational correspondence, unreviewed. Rice, white, long-grain, regular, unenriched, cooked without salt. Cooked unenriched long-grain white rice without salt; source grain/enrichment not specified. SR Legacy snapshot 2018-04; release age must be considered.","","https://fdc.nal.usda.gov/food-details/169757/nutrients"
"chicken-and-spanish-rice","Chicken and Spanish Rice","5","1 cup onions, chopped","1","","cup","170000","Onions, raw","SR Legacy","2018-04","160","","85855","USDA average estimate: 1 cup, chopped = 160 g.","Draft computational correspondence, unreviewed. Onions, raw. Generic raw onion; red/yellow variety approximated by generic onion to retain compatible household portions. SR Legacy snapshot 2018-04; release age must be considered.","","https://fdc.nal.usda.gov/food-details/170000/nutrients"
"chicken-and-spanish-rice","Chicken and Spanish Rice","5","3/4 cup green pepper, chopped","0.75","","cup","170427","Peppers, sweet, green, raw","SR Legacy","2018-04","111.75","","86623","USDA average estimate: 1 cup, chopped = 149 g.","Draft computational correspondence, unreviewed. Peppers, sweet, green, raw. Raw green sweet pepper. SR Legacy snapshot 2018-04; release age must be considered.","","https://fdc.nal.usda.gov/food-details/170427/nutrients"
"chicken-and-spanish-rice","Chicken and Spanish Rice","5","1 tablespoon olive oil","1","","tbsp","171413","Oil, olive, salad or cooking","SR Legacy","2018-04","13.5","","88667","USDA average estimate: 1 tablespoon = 13.5 g.","Draft computational correspondence, unreviewed. Oil, olive, salad or cooking. Generic olive oil approximation; extra-virgin/light qualifiers affect composition. SR household portions retained because Foundation oil has no normalized nutrient totals. SR Legacy snapshot 2018-04; release age must be considered.","","https://fdc.nal.usda.gov/food-details/171413/nutrients"
"chicken-and-spanish-rice","Chicken and Spanish Rice","5","1 can (8 ounces) low-sodium tomato sauce","1","","can","","","","","","","","","","USDA correspondence not selected.",""
"chicken-and-spanish-rice","Chicken and Spanish Rice","5","1 teaspoon fresh parsley, chopped","1","","tsp","170416","Parsley, fresh","SR Legacy","2018-04","1.25","","86607","USDA average estimate: 1 cup chopped = 60 g. Household volume converted within this food only.","Draft computational correspondence, unreviewed. Parsley, fresh. Fresh parsley chopped; flat-leaf subtype approximated by generic fresh parsley. SR Legacy snapshot 2018-04; release age must be considered.","","https://fdc.nal.usda.gov/food-details/170416/nutrients"
"chicken-and-spanish-rice","Chicken and Spanish Rice","5","1/2 teaspoon black pepper","0.5","","tsp","170931","Spices, pepper, black","SR Legacy","2018-04","1.15","","87560","USDA average estimate: 1 tsp, ground = 2.3 g.","Draft computational correspondence, unreviewed. Spices, pepper, black. Generic dried spice/seed or leavening agent; unspecified brand and grind approximated. SR Legacy snapshot 2018-04; release age must be considered.","","https://fdc.nal.usda.gov/food-details/170931/nutrients"
"chicken-and-spanish-rice","Chicken and Spanish Rice","5","1/4 teaspoon garlic, minced","0.25","","tsp","169230","Garlic, raw","SR Legacy","2018-04","0.7","","84479","USDA average estimate: 1 tsp = 2.8 g.","Draft computational correspondence, unreviewed. Garlic, raw. Raw garlic; USDA generic clove is 3 g. Large/small clove and whole-head weights are not size-specific. SR Legacy snapshot 2018-04; release age must be considered.","","https://fdc.nal.usda.gov/food-details/169230/nutrients"
"chicken-and-spanish-rice","Chicken and Spanish Rice","5","5 cups cooked brown rice (cooked in unsalted water)","5","","cup","169704","Rice, brown, long-grain, cooked (Includes foods for USDA's Food Distribution Program)","SR Legacy","2018-04","1010","","85378","USDA average estimate: 1 cup = 202 g.","Draft computational correspondence, unreviewed. Rice, brown, long-grain, cooked (Includes foods for USDA's Food Distribution Program). Cooked long-grain brown rice, no added salt; grain length approximation. SR Legacy snapshot 2018-04; release age must be considered.","","https://fdc.nal.usda.gov/food-details/169704/nutrients"
"chicken-and-spanish-rice","Chicken and Spanish Rice","5","2 1/2 cups chicken breasts, cooked, skin and bone removed, diced","2.5","","cup","171477","Chicken, broilers or fryers, breast, meat only, cooked, roasted","SR Legacy","2018-04","350","","88817","USDA average estimate: 1 cup, chopped or diced = 140 g.","Draft computational correspondence, unreviewed. Chicken, broilers or fryers, breast, meat only, cooked, roasted. Cooked roasted breast meat only approximates unspecified cooked chicken; excludes skin and bone. SR Legacy snapshot 2018-04; release age must be considered.","","https://fdc.nal.usda.gov/food-details/171477/nutrients"
"grilled-malt-chicken-with-peppers-and-onion","Grilled Malt Chicken With Peppers and Onion","8","4 4-ounce chicken breasts, skinless","4","","count","2646170","Chicken, breast, boneless, skinless, raw","Foundation","2026-04","453.59237","","","Explicit source piece count × mass per piece; edible yield not adjusted.","Draft computational correspondence, unreviewed. Chicken, breast, boneless, skinless, raw. Foundation raw boneless skinless breast; source gives explicit ounce mass. Foundation snapshot 2026-04; release age must be considered.","","https://fdc.nal.usda.gov/food-details/2646170/nutrients"
"grilled-malt-chicken-with-peppers-and-onion","Grilled Malt Chicken With Peppers and Onion","8","1 medium yellow bell pepper, sliced","1","","count","169383","Peppers, sweet, yellow, raw","SR Legacy","2018-04","","","","","Draft computational correspondence, unreviewed. Peppers, sweet, yellow, raw. Raw yellow sweet pepper; USDA only large count portion exists so unspecified/medium count remains unresolved. SR Legacy snapshot 2018-04; release age must be considered.","Food count/size needs an explicit USDA portion selection.","https://fdc.nal.usda.gov/food-details/169383/nutrients"
"grilled-malt-chicken-with-peppers-and-onion","Grilled Malt Chicken With Peppers and Onion","8","1 medium red bell pepper, sliced","1","","count","170108","Peppers, sweet, red, raw","SR Legacy","2018-04","119","","86066","USDA average estimate: 1 medium (approx 2-3/4"" long, 2-1/2 dia.) = 119 g.","Draft computational correspondence, unreviewed. Peppers, sweet, red, raw. Raw red sweet pepper. SR Legacy snapshot 2018-04; release age must be considered.","","https://fdc.nal.usda.gov/food-details/170108/nutrients"
"grilled-malt-chicken-with-peppers-and-onion","Grilled Malt Chicken With Peppers and Onion","8","1 medium onion, sliced","1","","count","170000","Onions, raw","SR Legacy","2018-04","110","","85860","USDA average estimate: 1 medium (2-1/2"" dia) = 110 g.","Draft computational correspondence, unreviewed. Onions, raw. Generic raw onion; red/yellow variety approximated by generic onion to retain compatible household portions. SR Legacy snapshot 2018-04; release age must be considered.","","https://fdc.nal.usda.gov/food-details/170000/nutrients"
"grilled-malt-chicken-with-peppers-and-onion","Grilled Malt Chicken With Peppers and Onion","8","Marinade:","","","","","","","","","","","","","",""
"grilled-malt-chicken-with-peppers-and-onion","Grilled Malt Chicken With Peppers and Onion","8","3 tablespoons malt vinegar","3","","tbsp","","","","","","","","","","USDA correspondence not selected.",""
"grilled-malt-chicken-with-peppers-and-onion","Grilled Malt Chicken With Peppers and Onion","8","1/4 cup olive oil","0.25","","cup","171413","Oil, olive, salad or cooking","SR Legacy","2018-04","54","","88668","USDA average estimate: 1 cup = 216 g.","Draft computational correspondence, unreviewed. Oil, olive, salad or cooking. Generic olive oil approximation; extra-virgin/light qualifiers affect composition. SR household portions retained because Foundation oil has no normalized nutrient totals. SR Legacy snapshot 2018-04; release age must be considered.","","https://fdc.nal.usda.gov/food-details/171413/nutrients"
"grilled-malt-chicken-with-peppers-and-onion","Grilled Malt Chicken With Peppers and Onion","8","1 shallot sliced","1","","count","170499","Shallots, raw","SR Legacy","2018-04","","","","","Draft computational correspondence, unreviewed. Shallots, raw. Raw shallot; source whole small/unspecified count has no USDA count portion. SR Legacy snapshot 2018-04; release age must be considered.","Food count/size needs an explicit USDA portion selection.","https://fdc.nal.usda.gov/food-details/170499/nutrients"
"grilled-malt-chicken-with-peppers-and-onion","Grilled Malt Chicken With Peppers and Onion","8","1 teaspoon dried oregano","1","","tsp","171328","Spices, oregano, dried","SR Legacy","2018-04","","","","","Draft computational correspondence, unreviewed. Spices, oregano, dried. Generic dried spice/seed or leavening agent; unspecified brand and grind approximated. SR Legacy snapshot 2018-04; release age must be considered.","Multiple household portion weights require an explicit choice.","https://fdc.nal.usda.gov/food-details/171328/nutrients"
"grilled-malt-chicken-with-peppers-and-onion","Grilled Malt Chicken With Peppers and Onion","8","4 ounces mushrooms, Crimini or button, washed and sliced","4","","oz","","","","","","","","","","USDA correspondence not selected.",""
"grilled-malt-chicken-with-peppers-and-onion","Grilled Malt Chicken With Peppers and Onion","8","3 cloves garlic, minced","3","","clove","169230","Garlic, raw","SR Legacy","2018-04","9","","84480","USDA average estimate: 1 clove = 3 g.","Draft computational correspondence, unreviewed. Garlic, raw. Raw garlic; USDA generic clove is 3 g. Large/small clove and whole-head weights are not size-specific. SR Legacy snapshot 2018-04; release age must be considered.","","https://fdc.nal.usda.gov/food-details/169230/nutrients"
"grilled-malt-chicken-with-peppers-and-onion","Grilled Malt Chicken With Peppers and Onion","8","1/2 teaspoon dried oregano","0.5","","tsp","171328","Spices, oregano, dried","SR Legacy","2018-04","","","","","Draft computational correspondence, unreviewed. Spices, oregano, dried. Generic dried spice/seed or leavening agent; unspecified brand and grind approximated. SR Legacy snapshot 2018-04; release age must be considered.","Multiple household portion weights require an explicit choice.","https://fdc.nal.usda.gov/food-details/171328/nutrients"
"grilled-malt-chicken-with-peppers-and-onion","Grilled Malt Chicken With Peppers and Onion","8","Pinch salt and pepper, to taste","","","","","","","","","","","","","Unmeasured pinch, sprinkle or to-taste amount; weight unresolved. No measured quantity; weight unresolved. USDA correspondence not selected.",""
"grilled-malt-chicken-with-peppers-and-onion","Grilled Malt Chicken With Peppers and Onion","8","1/2 teaspoon salt","0.5","","tsp","173468","Salt, table","SR Legacy","2018-04","3","","92594","USDA average estimate: 1 tsp = 6 g.","Draft computational correspondence, unreviewed. Salt, table. Table salt composition approximation; sea/kosher salt density differs, so volume for those qualifiers is unresolved. Pinch/to-taste has no invented gram weight. SR Legacy snapshot 2018-04; release age must be considered.","","https://fdc.nal.usda.gov/food-details/173468/nutrients"
"grilled-malt-chicken-with-peppers-and-onion","Grilled Malt Chicken With Peppers and Onion","8","1/2 teaspoon black ground pepper","0.5","","tsp","170931","Spices, pepper, black","SR Legacy","2018-04","1.15","","87560","USDA average estimate: 1 tsp, ground = 2.3 g.","Draft computational correspondence, unreviewed. Spices, pepper, black. Generic dried spice/seed or leavening agent; unspecified brand and grind approximated. SR Legacy snapshot 2018-04; release age must be considered.","","https://fdc.nal.usda.gov/food-details/170931/nutrients"
"summer-shrimp","Summer Shrimp","4","Marinade:","","","","","","","","","","","","","",""
"summer-shrimp","Summer Shrimp","4","2 cloves garlic, smashed","2","","clove","169230","Garlic, raw","SR Legacy","2018-04","6","","84480","USDA average estimate: 1 clove = 3 g.","Draft computational correspondence, unreviewed. Garlic, raw. Raw garlic; USDA generic clove is 3 g. Large/small clove and whole-head weights are not size-specific. SR Legacy snapshot 2018-04; release age must be considered.","","https://fdc.nal.usda.gov/food-details/169230/nutrients"
"summer-shrimp","Summer Shrimp","4","1 tablespoon olive oil","1","","tbsp","171413","Oil, olive, salad or cooking","SR Legacy","2018-04","13.5","","88667","USDA average estimate: 1 tablespoon = 13.5 g.","Draft computational correspondence, unreviewed. Oil, olive, salad or cooking. Generic olive oil approximation; extra-virgin/light qualifiers affect composition. SR household portions retained because Foundation oil has no normalized nutrient totals. SR Legacy snapshot 2018-04; release age must be considered.","","https://fdc.nal.usda.gov/food-details/171413/nutrients"
"summer-shrimp","Summer Shrimp","4","2 teaspoons fresh lime juice","2","","tsp","168156","Lime juice, raw","SR Legacy","2018-04","10.083333333333332","","82572","USDA average estimate: 1 cup = 242 g. Household volume converted within this food only.","Draft computational correspondence, unreviewed. Lime juice, raw. Raw lime juice, not whole lime. SR Legacy snapshot 2018-04; release age must be considered.","","https://fdc.nal.usda.gov/food-details/168156/nutrients"
"summer-shrimp","Summer Shrimp","4","1 teaspoon dried oregano","1","","tsp","171328","Spices, oregano, dried","SR Legacy","2018-04","","","","","Draft computational correspondence, unreviewed. Spices, oregano, dried. Generic dried spice/seed or leavening agent; unspecified brand and grind approximated. SR Legacy snapshot 2018-04; release age must be considered.","Multiple household portion weights require an explicit choice.","https://fdc.nal.usda.gov/food-details/171328/nutrients"
"summer-shrimp","Summer Shrimp","4","Shrimp:","","","","","","","","","","","","","",""
"summer-shrimp","Summer Shrimp","4","1 small red onion","1","","count","170000","Onions, raw","SR Legacy","2018-04","70","","85862","USDA average estimate: 1 small = 70 g.","Draft computational correspondence, unreviewed. Onions, raw. Generic raw onion; red/yellow variety approximated by generic onion to retain compatible household portions. SR Legacy snapshot 2018-04; release age must be considered.","","https://fdc.nal.usda.gov/food-details/170000/nutrients"
"summer-shrimp","Summer Shrimp","4","8 bamboo skewers, 10 inches long, soaked in water for 30 minutes","8","","count","","","","","","","","","","USDA correspondence not selected.",""
"summer-shrimp","Summer Shrimp","4","1 teaspoon low-sodium Worcestershire sauce","1","","tsp","","","","","","","","","","USDA correspondence not selected.",""
"summer-shrimp","Summer Shrimp","4","1/4 teaspoon freshly ground black pepper","0.25","","tsp","170931","Spices, pepper, black","SR Legacy","2018-04","0.575","","87560","USDA average estimate: 1 tsp, ground = 2.3 g.","Draft computational correspondence, unreviewed. Spices, pepper, black. Generic dried spice/seed or leavening agent; unspecified brand and grind approximated. SR Legacy snapshot 2018-04; release age must be considered.","","https://fdc.nal.usda.gov/food-details/170931/nutrients"
"summer-shrimp","Summer Shrimp","4","24 large fresh shrimp (about","24","","count","","","","","","","","","","Source text has an incomplete parenthetical note. USDA correspondence not selected.",""
"summer-shrimp","Summer Shrimp","4","1 pound), peeled and deveined","1","","lb","","","","","","","","","","Source text has an incomplete parenthetical note. USDA correspondence not selected.",""
"summer-shrimp","Summer Shrimp","4","16 serrano chilies","16","","count","169395","Peppers, serrano, raw","SR Legacy","2018-04","97.6","","84788","USDA average estimate: 1 pepper = 6.1 g.","Draft computational correspondence, unreviewed. Peppers, serrano, raw. Raw serrano pepper; edible generic count portion. SR Legacy snapshot 2018-04; release age must be considered.","","https://fdc.nal.usda.gov/food-details/169395/nutrients"
"coffee-ancho-chile-rubbed-flat-iron-steak","Coffee-Ancho Chile-Rubbed Flat Iron Steak","4","4 4-ounce flat iron steaks Coffee-Ancho Chile Rub (see recipe on page 105)","4","","count","","","","","","","","","","USDA correspondence not selected.",""
"coffee-ancho-chile-rubbed-flat-iron-steak","Coffee-Ancho Chile-Rubbed Flat Iron Steak","4","1/2 cup chicken stock","0.5","","cup","","","","","","","","","","USDA correspondence not selected.",""
"coffee-ancho-chile-rubbed-flat-iron-steak","Coffee-Ancho Chile-Rubbed Flat Iron Steak","4","1 teaspoon cornstarch","1","","tsp","169698","Cornstarch","SR Legacy","2018-04","2.6666666666666665","","85370","USDA average estimate: 1 cup = 128 g. Household volume converted within this food only.","Draft computational correspondence, unreviewed. Cornstarch. Dry cornstarch. SR Legacy snapshot 2018-04; release age must be considered.","","https://fdc.nal.usda.gov/food-details/169698/nutrients"
"coffee-ancho-chile-rubbed-flat-iron-steak","Coffee-Ancho Chile-Rubbed Flat Iron Steak","4","1 1/2 teaspoons water","1.5","","tsp","174158","Water, bottled, generic","SR Legacy","2018-04","7.40625","","93846","USDA average estimate: 1 cup = 237 g. Household volume converted within this food only.","Draft computational correspondence, unreviewed. Water, bottled, generic. Plain water; generic bottled water mineral composition is an approximation. SR Legacy snapshot 2018-04; release age must be considered.","","https://fdc.nal.usda.gov/food-details/174158/nutrients"
"mushroom-and-broccoli-risotto","Mushroom and Broccoli Risotto","4","2 - 2 1/2 cups chicken stock (see recipe on page 108)","2","2.5","cup","","","","","","","","","","USDA correspondence not selected.",""
"mushroom-and-broccoli-risotto","Mushroom and Broccoli Risotto","4","8 ounces button mushrooms, washed and sliced","8","","oz","1999629","Mushrooms, white button","Foundation","2026-04","226.796185","","","Explicit source mass; exact unit conversion, edible yield not adjusted.","Draft computational correspondence, unreviewed. Mushrooms, white button. Foundation raw white button mushrooms; direct ounce mass. Foundation snapshot 2026-04; release age must be considered.","","https://fdc.nal.usda.gov/food-details/1999629/nutrients"
"mushroom-and-broccoli-risotto","Mushroom and Broccoli Risotto","4","1/2 medium onion, diced","0.5","","count","170000","Onions, raw","SR Legacy","2018-04","55","","85860","USDA average estimate: 1 medium (2-1/2"" dia) = 110 g.","Draft computational correspondence, unreviewed. Onions, raw. Generic raw onion; red/yellow variety approximated by generic onion to retain compatible household portions. SR Legacy snapshot 2018-04; release age must be considered.","","https://fdc.nal.usda.gov/food-details/170000/nutrients"
"mushroom-and-broccoli-risotto","Mushroom and Broccoli Risotto","4","2 cloves garlic, minced","2","","clove","169230","Garlic, raw","SR Legacy","2018-04","6","","84480","USDA average estimate: 1 clove = 3 g.","Draft computational correspondence, unreviewed. Garlic, raw. Raw garlic; USDA generic clove is 3 g. Large/small clove and whole-head weights are not size-specific. SR Legacy snapshot 2018-04; release age must be considered.","","https://fdc.nal.usda.gov/food-details/169230/nutrients"
"mushroom-and-broccoli-risotto","Mushroom and Broccoli Risotto","4","1/4 pound broccoli florets, cut into bite-size pieces","0.25","","lb","169330","Broccoli, flower clusters, raw","SR Legacy","2018-04","113.3980925","","","Explicit source mass; exact unit conversion, edible yield not adjusted.","Draft computational correspondence, unreviewed. Broccoli, flower clusters, raw. Raw broccoli flower clusters, not stalks. SR Legacy snapshot 2018-04; release age must be considered.","","https://fdc.nal.usda.gov/food-details/169330/nutrients"
"mushroom-and-broccoli-risotto","Mushroom and Broccoli Risotto","4","1 tablespoon olive oil","1","","tbsp","171413","Oil, olive, salad or cooking","SR Legacy","2018-04","13.5","","88667","USDA average estimate: 1 tablespoon = 13.5 g.","Draft computational correspondence, unreviewed. Oil, olive, salad or cooking. Generic olive oil approximation; extra-virgin/light qualifiers affect composition. SR household portions retained because Foundation oil has no normalized nutrient totals. SR Legacy snapshot 2018-04; release age must be considered.","","https://fdc.nal.usda.gov/food-details/171413/nutrients"
"mushroom-and-broccoli-risotto","Mushroom and Broccoli Risotto","4","1 cup Arborio rice","1","","cup","","","","","","","","","","USDA correspondence not selected.",""
"mushroom-and-broccoli-risotto","Mushroom and Broccoli Risotto","4","⅓ cup white wine","0.3333333333333333","","cup","174837","Alcoholic beverage, wine, table, white","SR Legacy","2018-04","","","","","Draft computational correspondence, unreviewed. Alcoholic beverage, wine, table, white. Generic table white wine approximation; dryness unspecified. SR Legacy snapshot 2018-04; release age must be considered.","USDA portion unit is incompatible with the source amount.","https://fdc.nal.usda.gov/food-details/174837/nutrients"
"mushroom-and-broccoli-risotto","Mushroom and Broccoli Risotto","4","2 tablespoons Parmesan cheese, grated","2","","tbsp","171247","Cheese, parmesan, grated","SR Legacy","2018-04","10","","88262","USDA average estimate: 1 tbsp = 5 g.","Draft computational correspondence, unreviewed. Cheese, parmesan, grated. Generic grated Parmesan; freshly grated source approximated by USDA grated cheese. SR Legacy snapshot 2018-04; release age must be considered.","","https://fdc.nal.usda.gov/food-details/171247/nutrients"
"mushroom-and-broccoli-risotto","Mushroom and Broccoli Risotto","4","Pepper to taste","","","","170931","Spices, pepper, black","SR Legacy","2018-04","","","","","Draft computational correspondence, unreviewed. Spices, pepper, black. Generic dried spice/seed or leavening agent; unspecified brand and grind approximated. SR Legacy snapshot 2018-04; release age must be considered.","Unmeasured pinch, sprinkle or to-taste amount; weight unresolved. No measured quantity; weight unresolved. Measured weight requires source review.","https://fdc.nal.usda.gov/food-details/170931/nutrients"
"strawberry-mango-parfaits-with-ginger-topping","Strawberry-Mango Parfaits With Ginger Topping","4","1 pint fresh strawberries, stemmed and sliced","1","","pint","167762","Strawberries, raw","SR Legacy","2018-04","332","","81921","USDA average estimate: 1 cup, sliced = 166 g. Household volume converted within this food only.","Draft computational correspondence, unreviewed. Strawberries, raw. Raw strawberries edible fruit. SR Legacy snapshot 2018-04; release age must be considered.","","https://fdc.nal.usda.gov/food-details/167762/nutrients"
"strawberry-mango-parfaits-with-ginger-topping","Strawberry-Mango Parfaits With Ginger Topping","4","2 tablespoons granulated sugar or to taste","2","","tbsp","746784","Sugars, granulated","Foundation","2026-04","","","","","Draft computational correspondence, unreviewed. Sugars, granulated. Foundation granulated sugar; source ordinary sugar assumed granulated. Foundation snapshot 2026-04; release age must be considered.","Unmeasured pinch, sprinkle or to-taste amount; weight unresolved. Measured weight requires source review.","https://fdc.nal.usda.gov/food-details/746784/nutrients"
"strawberry-mango-parfaits-with-ginger-topping","Strawberry-Mango Parfaits With Ginger Topping","4","2 tablespoons orange juice","2","","tbsp","169098","Orange juice, raw (Includes foods for USDA's Food Distribution Program)","SR Legacy","2018-04","31","","84231","USDA average estimate: 1 cup = 248 g. Household volume converted within this food only.","Draft computational correspondence, unreviewed. Orange juice, raw (Includes foods for USDA's Food Distribution Program). Raw orange juice approximation; source generic juice is treated as unfortified raw juice. SR Legacy snapshot 2018-04; release age must be considered.","","https://fdc.nal.usda.gov/food-details/169098/nutrients"
"strawberry-mango-parfaits-with-ginger-topping","Strawberry-Mango Parfaits With Ginger Topping","4","2 teaspoons orange rind, grated","2","","tsp","169103","Orange peel, raw","SR Legacy","2018-04","","","","","Draft computational correspondence, unreviewed. Orange peel, raw. Raw orange peel used as grated zest; white pith amount varies. SR Legacy snapshot 2018-04; release age must be considered.","Preparation-specific household weight is unavailable; measure edible grams.","https://fdc.nal.usda.gov/food-details/169103/nutrients"
"strawberry-mango-parfaits-with-ginger-topping","Strawberry-Mango Parfaits With Ginger Topping","4","1 pint mango or orange sorbet","1","","pint","","","","","","","","","","USDA correspondence not selected.",""
"strawberry-mango-parfaits-with-ginger-topping","Strawberry-Mango Parfaits With Ginger Topping","4","1 pint light or reduced-fat strawberry ice cream","1","","pint","","","","","","","","","","USDA correspondence not selected.",""
"strawberry-mango-parfaits-with-ginger-topping","Strawberry-Mango Parfaits With Ginger Topping","4","1/2 cup gingersnap crumbs","0.5","","cup","","","","","","","","","","USDA correspondence not selected.",""
"strawberry-mango-parfaits-with-ginger-topping","Strawberry-Mango Parfaits With Ginger Topping","4","2 tablespoons crystallized ginger, coarsely chopped (optional)","2","","tbsp","","","","","","","","","","USDA correspondence not selected.",""
"chocolate-chip-cookies","Chocolate Chip Cookies","6","1 cup blanched almond flour, sifted Sprinkle of sea salt (1/4 teaspoon or less to taste)","1","","cup","","","","","","","","","","Unmeasured pinch, sprinkle or to-taste amount; weight unresolved. USDA correspondence not selected.",""
"chocolate-chip-cookies","Chocolate Chip Cookies","6","1/8 teaspoon baking soda","0.125","","tsp","175040","Leavening agents, baking soda","SR Legacy","2018-04","0.575","","95484","USDA average estimate: 1 tsp = 4.6 g.","Draft computational correspondence, unreviewed. Leavening agents, baking soda. Generic dried spice/seed or leavening agent; unspecified brand and grind approximated. SR Legacy snapshot 2018-04; release age must be considered.","","https://fdc.nal.usda.gov/food-details/175040/nutrients"
"chocolate-chip-cookies","Chocolate Chip Cookies","6","1/4 teaspoon cinnamon","0.25","","tsp","171320","Spices, cinnamon, ground","SR Legacy","2018-04","0.65","","88429","USDA average estimate: 1 tsp = 2.6 g.","Draft computational correspondence, unreviewed. Spices, cinnamon, ground. Generic dried spice/seed or leavening agent; unspecified brand and grind approximated. SR Legacy snapshot 2018-04; release age must be considered.","","https://fdc.nal.usda.gov/food-details/171320/nutrients"
"chocolate-chip-cookies","Chocolate Chip Cookies","6","3 tablespoons melted coconut oil","3","","tbsp","171412","Oil, coconut","SR Legacy","2018-04","40.8","","88664","USDA average estimate: 1 tbsp = 13.6 g.","Draft computational correspondence, unreviewed. Oil, coconut. Unsweetened coconut oil; liquid melted form, SR tablespoon portion retained. SR Legacy snapshot 2018-04; release age must be considered.","","https://fdc.nal.usda.gov/food-details/171412/nutrients"
"chocolate-chip-cookies","Chocolate Chip Cookies","6","2 tablespoons honey","2","","tbsp","169640","Honey","SR Legacy","2018-04","42","","85265","USDA average estimate: 1 tbsp = 21 g.","Draft computational correspondence, unreviewed. Honey. Honey; source unspecified honey variety. SR Legacy snapshot 2018-04; release age must be considered.","","https://fdc.nal.usda.gov/food-details/169640/nutrients"
"chocolate-chip-cookies","Chocolate Chip Cookies","6","1 1/2 teaspoons vanilla","1.5","","tsp","173471","Vanilla extract","SR Legacy","2018-04","6.300000000000001","","92603","USDA average estimate: 1 tsp = 4.2 g.","Draft computational correspondence, unreviewed. Vanilla extract. Pure vanilla extract approximation; excludes vanilla flavor desserts. SR Legacy snapshot 2018-04; release age must be considered.","","https://fdc.nal.usda.gov/food-details/173471/nutrients"
"chocolate-chip-cookies","Chocolate Chip Cookies","6","1/4 cup (or more for extra chocolatey goodness) Enjoy Life Chocolate Chips or chopped dark chocolate (70-85 percent or higher)","0.25","","cup","","","","","","","","","","USDA correspondence not selected.",""
"strawberry-lime-dessert","Strawberry Lime Dessert","6","4 cups fresh strawberries, remove stems and quarter","4","","cup","167762","Strawberries, raw","SR Legacy","2018-04","","","","","Draft computational correspondence, unreviewed. Strawberries, raw. Raw strawberries edible fruit. SR Legacy snapshot 2018-04; release age must be considered.","Multiple household portion weights require an explicit choice.","https://fdc.nal.usda.gov/food-details/167762/nutrients"
"strawberry-lime-dessert","Strawberry Lime Dessert","6","1/2 cup whipping cream","0.5","","cup","170858","Cream, fluid, light whipping","SR Legacy","2018-04","119.5","","87430","USDA average estimate: 1 cup, fluid (yields 2 cups whipped) = 239 g.","Draft computational correspondence, unreviewed. Cream, fluid, light whipping. Fluid light whipping cream before whipping; source unspecified fat percentage. SR Legacy snapshot 2018-04; release age must be considered.","","https://fdc.nal.usda.gov/food-details/170858/nutrients"
"strawberry-lime-dessert","Strawberry Lime Dessert","6","1 tablespoon sugar","1","","tbsp","746784","Sugars, granulated","Foundation","2026-04","","","","","Draft computational correspondence, unreviewed. Sugars, granulated. Foundation granulated sugar; source ordinary sugar assumed granulated. Foundation snapshot 2026-04; release age must be considered.","Multiple household portion weights require an explicit choice.","https://fdc.nal.usda.gov/food-details/746784/nutrients"
"strawberry-lime-dessert","Strawberry Lime Dessert","6","1/4 teaspoon lime peel zest","0.25","","tsp","","","","","","","","","","USDA correspondence not selected.",""
"strawberry-lime-dessert","Strawberry Lime Dessert","6","1 lime, cut into 6 to 8 wedges N","1","","count","168155","Limes, raw","SR Legacy","2018-04","67","","82570","USDA average estimate: 1 fruit (2"" dia) = 67 g.","Draft computational correspondence, unreviewed. Limes, raw. Whole edible lime; garnish amount consumed is unresolved. SR Legacy snapshot 2018-04; release age must be considered.","","https://fdc.nal.usda.gov/food-details/168155/nutrients"
"light-and-creamy-cranberry-fresh-fruit-dip","Light and Creamy Cranberry Fresh Fruit Dip","12","8 ounces light sour cream","8","","oz","171256","Cream, sour, reduced fat, cultured","SR Legacy","2018-04","226.796185","","","Explicit source mass; exact unit conversion, edible yield not adjusted.","Draft computational correspondence, unreviewed. Cream, sour, reduced fat, cultured. Reduced-fat cultured sour cream approximation for low-fat/light label. SR Legacy snapshot 2018-04; release age must be considered.","","https://fdc.nal.usda.gov/food-details/171256/nutrients"
"light-and-creamy-cranberry-fresh-fruit-dip","Light and Creamy Cranberry Fresh Fruit Dip","12","1/2 cup whole-berry cranberry sauce","0.5","","cup","","","","","","","","","","USDA correspondence not selected.",""
"light-and-creamy-cranberry-fresh-fruit-dip","Light and Creamy Cranberry Fresh Fruit Dip","12","1/4 teaspoon nutmeg","0.25","","tsp","171326","Spices, nutmeg, ground","SR Legacy","2018-04","0.55","","88441","USDA average estimate: 1 tsp = 2.2 g.","Draft computational correspondence, unreviewed. Spices, nutmeg, ground. Generic dried spice/seed or leavening agent; unspecified brand and grind approximated. SR Legacy snapshot 2018-04; release age must be considered.","","https://fdc.nal.usda.gov/food-details/171326/nutrients"
"light-and-creamy-cranberry-fresh-fruit-dip","Light and Creamy Cranberry Fresh Fruit Dip","12","1/4 teaspoon ground ginger","0.25","","tsp","170926","Spices, ginger, ground","SR Legacy","2018-04","0.45","","87550","USDA average estimate: 1 tsp = 1.8 g.","Draft computational correspondence, unreviewed. Spices, ginger, ground. Dried ground ginger, not fresh root. SR Legacy snapshot 2018-04; release age must be considered.","","https://fdc.nal.usda.gov/food-details/170926/nutrients"
"blackberry-cobbler","Blackberry Cobbler","6","Vegetable oil cooking spray","","","","","","","","","","","","","No measured quantity; weight unresolved. USDA correspondence not selected.",""
"blackberry-cobbler","Blackberry Cobbler","6","1 12-ounce bag frozen unsweetened blackberries, thawed (or 3 half-pint containers of fresh blackberries)","1","","count","","","","","","","","","","USDA correspondence not selected.",""
"blackberry-cobbler","Blackberry Cobbler","6","1/4 cup granulated sugar","0.25","","cup","746784","Sugars, granulated","Foundation","2026-04","47","","187534","USDA average estimate: 1 cup = 188 g.","Draft computational correspondence, unreviewed. Sugars, granulated. Foundation granulated sugar; source ordinary sugar assumed granulated. Foundation snapshot 2026-04; release age must be considered.","","https://fdc.nal.usda.gov/food-details/746784/nutrients"
"blackberry-cobbler","Blackberry Cobbler","6","1 1/2 tablespoons cornstarch","1.5","","tbsp","169698","Cornstarch","SR Legacy","2018-04","12","","85370","USDA average estimate: 1 cup = 128 g. Household volume converted within this food only.","Draft computational correspondence, unreviewed. Cornstarch. Dry cornstarch. SR Legacy snapshot 2018-04; release age must be considered.","","https://fdc.nal.usda.gov/food-details/169698/nutrients"
"blackberry-cobbler","Blackberry Cobbler","6","1 1/2 tablespoons water","1.5","","tbsp","174158","Water, bottled, generic","SR Legacy","2018-04","22.21875","","93846","USDA average estimate: 1 cup = 237 g. Household volume converted within this food only.","Draft computational correspondence, unreviewed. Water, bottled, generic. Plain water; generic bottled water mineral composition is an approximation. SR Legacy snapshot 2018-04; release age must be considered.","","https://fdc.nal.usda.gov/food-details/174158/nutrients"
"blackberry-cobbler","Blackberry Cobbler","6","2/3 cup firmly packed brown sugar","0.6666666666666666","","cup","168833","Sugars, brown","SR Legacy","2018-04","146.66666666666666","","83855","USDA average estimate: 1 cup packed = 220 g.","Draft computational correspondence, unreviewed. Sugars, brown. Brown sugar; light subtype approximated by generic brown sugar. SR Legacy snapshot 2018-04; release age must be considered.","","https://fdc.nal.usda.gov/food-details/168833/nutrients"
"blackberry-cobbler","Blackberry Cobbler","6","3/4 cups quick oats","0.75","","cup","","","","","","","","","","USDA correspondence not selected.",""
"blackberry-cobbler","Blackberry Cobbler","6","1/2 cup all-purpose flour","0.5","","cup","168936","Wheat flour, white, all-purpose, enriched, unbleached","SR Legacy","2018-04","62.5","","84024","USDA average estimate: 1 cup = 125 g.","Draft computational correspondence, unreviewed. Wheat flour, white, all-purpose, enriched, unbleached. All-purpose white enriched unbleached wheat flour approximation; brand/enrichment unspecified. SR Legacy snapshot 2018-04; release age must be considered.","","https://fdc.nal.usda.gov/food-details/168936/nutrients"
"blackberry-cobbler","Blackberry Cobbler","6","1/2 teaspoon ground cinnamon","0.5","","tsp","171320","Spices, cinnamon, ground","SR Legacy","2018-04","1.3","","88429","USDA average estimate: 1 tsp = 2.6 g.","Draft computational correspondence, unreviewed. Spices, cinnamon, ground. Generic dried spice/seed or leavening agent; unspecified brand and grind approximated. SR Legacy snapshot 2018-04; release age must be considered.","","https://fdc.nal.usda.gov/food-details/171320/nutrients"
"blackberry-cobbler","Blackberry Cobbler","6","1/2 cup unsalted butter, softened","0.5","","cup","173430","Butter, without salt","SR Legacy","2018-04","113.5","","92513","USDA average estimate: 1 cup = 227 g.","Draft computational correspondence, unreviewed. Butter, without salt. Unsalted butter, not salted. SR Legacy snapshot 2018-04; release age must be considered.","","https://fdc.nal.usda.gov/food-details/173430/nutrients"
"blackberry-cobbler","Blackberry Cobbler","6","1 8-ounce container light or reduced-fat whipped cream","1","","count","","","","","","","","","","USDA correspondence not selected.",""
"coconut-angel-food-cake","Coconut Angel Food Cake","12","Cake:","","","","","","","","","","","","","",""
"coconut-angel-food-cake","Coconut Angel Food Cake","12","1/4 teaspoon salt","0.25","","tsp","173468","Salt, table","SR Legacy","2018-04","1.5","","92594","USDA average estimate: 1 tsp = 6 g.","Draft computational correspondence, unreviewed. Salt, table. Table salt composition approximation; sea/kosher salt density differs, so volume for those qualifiers is unresolved. Pinch/to-taste has no invented gram weight. SR Legacy snapshot 2018-04; release age must be considered.","","https://fdc.nal.usda.gov/food-details/173468/nutrients"
"coconut-angel-food-cake","Coconut Angel Food Cake","12","1 teaspoon cream of tartar","1","","tsp","175041","Leavening agents, cream of tartar","SR Legacy","2018-04","3","","95486","USDA average estimate: 1 tsp = 3 g.","Draft computational correspondence, unreviewed. Leavening agents, cream of tartar. Generic dried spice/seed or leavening agent; unspecified brand and grind approximated. SR Legacy snapshot 2018-04; release age must be considered.","","https://fdc.nal.usda.gov/food-details/175041/nutrients"
"coconut-angel-food-cake","Coconut Angel Food Cake","12","1 cup superfine sugar","1","","cup","","","","","","","","","","USDA correspondence not selected.",""
"coconut-angel-food-cake","Coconut Angel Food Cake","12","2 teaspoons pure vanilla extract","2","","tsp","173471","Vanilla extract","SR Legacy","2018-04","8.4","","92603","USDA average estimate: 1 tsp = 4.2 g.","Draft computational correspondence, unreviewed. Vanilla extract. Pure vanilla extract approximation; excludes vanilla flavor desserts. SR Legacy snapshot 2018-04; release age must be considered.","","https://fdc.nal.usda.gov/food-details/173471/nutrients"
"coconut-angel-food-cake","Coconut Angel Food Cake","12","2 teaspoons fresh lemon juice","2","","tsp","167747","Lemon juice, raw","SR Legacy","2018-04","10.166666666666666","","81887","USDA average estimate: 1 cup = 244 g. Household volume converted within this food only.","Draft computational correspondence, unreviewed. Lemon juice, raw. Raw lemon juice, not whole fruit. SR Legacy snapshot 2018-04; release age must be considered.","","https://fdc.nal.usda.gov/food-details/167747/nutrients"
"coconut-angel-food-cake","Coconut Angel Food Cake","12","1 cup sifted cake flour","1","","cup","","","","","","","","","","USDA correspondence not selected.",""
"coconut-angel-food-cake","Coconut Angel Food Cake","12","Sauce:","","","","","","","","","","","","","",""
"coconut-angel-food-cake","Coconut Angel Food Cake","12","1 bag (12 ounces) cranberries, fresh or frozen and thawed","1","","bag","","","","","","","","","","USDA correspondence not selected.",""
"coconut-angel-food-cake","Coconut Angel Food Cake","12","2/3 cup granulated sugar","0.6666666666666666","","cup","746784","Sugars, granulated","Foundation","2026-04","125.33333333333333","","187534","USDA average estimate: 1 cup = 188 g.","Draft computational correspondence, unreviewed. Sugars, granulated. Foundation granulated sugar; source ordinary sugar assumed granulated. Foundation snapshot 2026-04; release age must be considered.","","https://fdc.nal.usda.gov/food-details/746784/nutrients"
"coconut-angel-food-cake","Coconut Angel Food Cake","12","1 tablespoon grated orange zest","1","","tbsp","169103","Orange peel, raw","SR Legacy","2018-04","","","","","Draft computational correspondence, unreviewed. Orange peel, raw. Raw orange peel used as grated zest; white pith amount varies. SR Legacy snapshot 2018-04; release age must be considered.","Preparation-specific household weight is unavailable; measure edible grams.","https://fdc.nal.usda.gov/food-details/169103/nutrients"
"coconut-angel-food-cake","Coconut Angel Food Cake","12","1/3 cup dry, unsweetened, shredded coconut","0.3333333333333333","","cup","170170","Nuts, coconut meat, dried (desiccated), not sweetened","SR Legacy","2018-04","","","","","Draft computational correspondence, unreviewed. Nuts, coconut meat, dried (desiccated), not sweetened. Dried desiccated unsweetened coconut, not sweetened coconut; volume weight unavailable. SR Legacy snapshot 2018-04; release age must be considered.","Preparation-specific household weight is unavailable; measure edible grams.","https://fdc.nal.usda.gov/food-details/170170/nutrients"
"coconut-angel-food-cake","Coconut Angel Food Cake","12","1/3 cup fresh coconut shavings","0.3333333333333333","","cup","170169","Nuts, coconut meat, raw","SR Legacy","2018-04","26.666666666666664","","86163","USDA average estimate: 1 cup, shredded = 80 g.","Draft computational correspondence, unreviewed. Nuts, coconut meat, raw. Raw coconut shavings approximated by USDA shredded raw coconut. SR Legacy snapshot 2018-04; release age must be considered.","","https://fdc.nal.usda.gov/food-details/170169/nutrients"
"coconut-angel-food-cake","Coconut Angel Food Cake","12","1 1/4 cups egg whites (from about 9 large eggs), at room temperature","1.25","","cup","172183","Egg, white, raw, fresh","SR Legacy","2018-04","303.75","","90044","USDA average estimate: 1 cup = 243 g.","Draft computational correspondence, unreviewed. Egg, white, raw, fresh. Fresh raw egg white; whole-egg shell and yolk excluded. SR Legacy snapshot 2018-04; release age must be considered.","","https://fdc.nal.usda.gov/food-details/172183/nutrients"
"coconut-angel-food-cake","Coconut Angel Food Cake","12","2/3 cup fresh orange juice","0.6666666666666666","","cup","169098","Orange juice, raw (Includes foods for USDA's Food Distribution Program)","SR Legacy","2018-04","165.33333333333331","","84231","USDA average estimate: 1 cup = 248 g.","Draft computational correspondence, unreviewed. Orange juice, raw (Includes foods for USDA's Food Distribution Program). Raw orange juice approximation; source generic juice is treated as unfortified raw juice. SR Legacy snapshot 2018-04; release age must be considered.","","https://fdc.nal.usda.gov/food-details/169098/nutrients"
"coconut-angel-food-cake","Coconut Angel Food Cake","12","2 tablespoons orange-flavored liqueur","2","","tbsp","","","","","","","","","","USDA correspondence not selected.",""
"coconut-angel-food-cake","Coconut Angel Food Cake","12","½ teaspoon cinnamon","0.5","","tsp","171320","Spices, cinnamon, ground","SR Legacy","2018-04","1.3","","88429","USDA average estimate: 1 tsp = 2.6 g.","Draft computational correspondence, unreviewed. Spices, cinnamon, ground. Generic dried spice/seed or leavening agent; unspecified brand and grind approximated. SR Legacy snapshot 2018-04; release age must be considered.","","https://fdc.nal.usda.gov/food-details/171320/nutrients"
"lemon-ricotta-pie","Lemon Ricotta Pie","8","3 large eggs, separated","3","","count","171287","Egg, whole, raw, fresh","SR Legacy","2018-04","","","","","Draft computational correspondence, unreviewed. Egg, whole, raw, fresh. Whole raw fresh egg; separated eggs assumed all edible yolk and white retained. Size unspecified uses no specific count override. SR Legacy snapshot 2018-04; release age must be considered.","Food count/size needs an explicit USDA portion selection.","https://fdc.nal.usda.gov/food-details/171287/nutrients"
"lemon-ricotta-pie","Lemon Ricotta Pie","8","15 ounces ricotta cheese (part-skim; whole can be used as well) Juice and zest of 1 medium lemon","15","","oz","","","","","","","","","","USDA correspondence not selected.",""
"lemon-ricotta-pie","Lemon Ricotta Pie","8","2/3 cup sugar substitute (Splenda)","0.6666666666666666","","cup","","","","","","","","","","USDA correspondence not selected.",""
"lemon-ricotta-pie","Lemon Ricotta Pie","8","1/2 teaspoon vanilla","0.5","","tsp","173471","Vanilla extract","SR Legacy","2018-04","2.1","","92603","USDA average estimate: 1 tsp = 4.2 g.","Draft computational correspondence, unreviewed. Vanilla extract. Pure vanilla extract approximation; excludes vanilla flavor desserts. SR Legacy snapshot 2018-04; release age must be considered.","","https://fdc.nal.usda.gov/food-details/173471/nutrients"
"lemon-ricotta-pie","Lemon Ricotta Pie","8","Dash of salt","","","","173468","Salt, table","SR Legacy","2018-04","","","","","Draft computational correspondence, unreviewed. Salt, table. Table salt composition approximation; sea/kosher salt density differs, so volume for those qualifiers is unresolved. Pinch/to-taste has no invented gram weight. SR Legacy snapshot 2018-04; release age must be considered.","No measured quantity; weight unresolved. Measured weight requires source review.","https://fdc.nal.usda.gov/food-details/173468/nutrients"
"bread-pudding","Bread Pudding","8","Vegetable oil cooking spray","","","","","","","","","","","","","No measured quantity; weight unresolved. USDA correspondence not selected.",""
"bread-pudding","Bread Pudding","8","8 slices of bread or 2 large bagels","8","","count","","","","","","","","","","USDA correspondence not selected.",""
"bread-pudding","Bread Pudding","8","1 cup liquid nondairy low-fat or reduced-fat creamer","1","","cup","","","","","","","","","","USDA correspondence not selected.",""
"bread-pudding","Bread Pudding","8","1/2 cup liquid egg substitute","0.5","","cup","","","","","","","","","","USDA correspondence not selected.",""
"bread-pudding","Bread Pudding","8","1/2 cup sugar","0.5","","cup","746784","Sugars, granulated","Foundation","2026-04","94","","187534","USDA average estimate: 1 cup = 188 g.","Draft computational correspondence, unreviewed. Sugars, granulated. Foundation granulated sugar; source ordinary sugar assumed granulated. Foundation snapshot 2026-04; release age must be considered.","","https://fdc.nal.usda.gov/food-details/746784/nutrients"
"bread-pudding","Bread Pudding","8","1 teaspoon cinnamon","1","","tsp","171320","Spices, cinnamon, ground","SR Legacy","2018-04","2.6","","88429","USDA average estimate: 1 tsp = 2.6 g.","Draft computational correspondence, unreviewed. Spices, cinnamon, ground. Generic dried spice/seed or leavening agent; unspecified brand and grind approximated. SR Legacy snapshot 2018-04; release age must be considered.","","https://fdc.nal.usda.gov/food-details/171320/nutrients"
"bran-muffin","Bran Muffin","12","1 cup all-purpose flour","1","","cup","168936","Wheat flour, white, all-purpose, enriched, unbleached","SR Legacy","2018-04","125","","84024","USDA average estimate: 1 cup = 125 g.","Draft computational correspondence, unreviewed. Wheat flour, white, all-purpose, enriched, unbleached. All-purpose white enriched unbleached wheat flour approximation; brand/enrichment unspecified. SR Legacy snapshot 2018-04; release age must be considered.","","https://fdc.nal.usda.gov/food-details/168936/nutrients"
"bran-muffin","Bran Muffin","12","2 teaspoons baking powder","2","","tsp","172804","Leavening agents, baking powder, double-acting, straight phosphate","SR Legacy","2018-04","9.2","","91439","USDA average estimate: 1 tsp = 4.6 g.","Draft computational correspondence, unreviewed. Leavening agents, baking powder, double-acting, straight phosphate. Double-acting phosphate baking powder approximation; unspecified formulation changes sodium. SR Legacy snapshot 2018-04; release age must be considered.","","https://fdc.nal.usda.gov/food-details/172804/nutrients"
"bran-muffin","Bran Muffin","12","1/2 teaspoon cinnamon","0.5","","tsp","171320","Spices, cinnamon, ground","SR Legacy","2018-04","1.3","","88429","USDA average estimate: 1 tsp = 2.6 g.","Draft computational correspondence, unreviewed. Spices, cinnamon, ground. Generic dried spice/seed or leavening agent; unspecified brand and grind approximated. SR Legacy snapshot 2018-04; release age must be considered.","","https://fdc.nal.usda.gov/food-details/171320/nutrients"
"bran-muffin","Bran Muffin","12","2 cups 100 percent oat bran","2","","cup","168872","Oat bran, raw","SR Legacy","2018-04","188","","83922","USDA average estimate: 1 cup = 94 g.","Draft computational correspondence, unreviewed. Oat bran, raw. Raw oat bran. SR Legacy snapshot 2018-04; release age must be considered.","","https://fdc.nal.usda.gov/food-details/168872/nutrients"
"bran-muffin","Bran Muffin","12","1 1/4 cups low-fat milk","1.25","","cup","746772","Milk, lowfat, fluid, 1% milkfat, with added vitamin A and vitamin D","Foundation","2026-04","307.5","","187514","USDA average estimate: 1 cup = 246 g.","Draft computational correspondence, unreviewed. Milk, lowfat, fluid, 1% milkfat, with added vitamin A and vitamin D. Foundation fluid 1% low-fat milk approximation; exact source low-fat percentage unspecified. Foundation snapshot 2026-04; release age must be considered.","","https://fdc.nal.usda.gov/food-details/746772/nutrients"
"bran-muffin","Bran Muffin","12","1/3 cup packed brown sugar","0.3333333333333333","","cup","168833","Sugars, brown","SR Legacy","2018-04","73.33333333333333","","83855","USDA average estimate: 1 cup packed = 220 g.","Draft computational correspondence, unreviewed. Sugars, brown. Brown sugar; light subtype approximated by generic brown sugar. SR Legacy snapshot 2018-04; release age must be considered.","","https://fdc.nal.usda.gov/food-details/168833/nutrients"
"bran-muffin","Bran Muffin","12","1 large egg","1","","count","171287","Egg, whole, raw, fresh","SR Legacy","2018-04","","","","","Draft computational correspondence, unreviewed. Egg, whole, raw, fresh. Whole raw fresh egg; separated eggs assumed all edible yolk and white retained. Size unspecified uses no specific count override. SR Legacy snapshot 2018-04; release age must be considered.","Food count/size needs an explicit USDA portion selection.","https://fdc.nal.usda.gov/food-details/171287/nutrients"
"bran-muffin","Bran Muffin","12","1/2 cup unsweetened applesauce","0.5","","cup","171695","Applesauce, canned, unsweetened, without added ascorbic acid (Includes foods for USDA's Food Distribution Program)","SR Legacy","2018-04","122","","89207","USDA average estimate: 1 cup = 244 g.","Draft computational correspondence, unreviewed. Applesauce, canned, unsweetened, without added ascorbic acid (Includes foods for USDA's Food Distribution Program). Canned unsweetened applesauce without added ascorbic acid approximation. SR Legacy snapshot 2018-04; release age must be considered.","","https://fdc.nal.usda.gov/food-details/171695/nutrients"
"apple-muffin","Apple Muffin","12","2 eggs","2","","count","171287","Egg, whole, raw, fresh","SR Legacy","2018-04","","","","","Draft computational correspondence, unreviewed. Egg, whole, raw, fresh. Whole raw fresh egg; separated eggs assumed all edible yolk and white retained. Size unspecified uses no specific count override. SR Legacy snapshot 2018-04; release age must be considered.","Food count/size needs an explicit USDA portion selection.","https://fdc.nal.usda.gov/food-details/171287/nutrients"
"apple-muffin","Apple Muffin","12","1 cup Splenda (sugar also can be used)","1","","cup","","","","","","","","","","USDA correspondence not selected.",""
"apple-muffin","Apple Muffin","12","½ cup canola oil","0.5","","cup","172336","Oil, canola","SR Legacy","2018-04","109","","90375","USDA average estimate: 1 cup = 218 g.","Draft computational correspondence, unreviewed. Oil, canola. Generic commodity approximation; cultivar, brand and batch can vary. SR Legacy snapshot 2018-04; release age must be considered.","","https://fdc.nal.usda.gov/food-details/172336/nutrients"
"apple-muffin","Apple Muffin","12","¼ cup water","0.25","","cup","174158","Water, bottled, generic","SR Legacy","2018-04","59.25","","93846","USDA average estimate: 1 cup = 237 g.","Draft computational correspondence, unreviewed. Water, bottled, generic. Plain water; generic bottled water mineral composition is an approximation. SR Legacy snapshot 2018-04; release age must be considered.","","https://fdc.nal.usda.gov/food-details/174158/nutrients"
"apple-muffin","Apple Muffin","12","1 tablespoon vanilla","1","","tbsp","173471","Vanilla extract","SR Legacy","2018-04","13","","92604","USDA average estimate: 1 tbsp = 13 g.","Draft computational correspondence, unreviewed. Vanilla extract. Pure vanilla extract approximation; excludes vanilla flavor desserts. SR Legacy snapshot 2018-04; release age must be considered.","","https://fdc.nal.usda.gov/food-details/173471/nutrients"
"apple-muffin","Apple Muffin","12","1 1/2 cups all-purpose white flour","1.5","","cup","168936","Wheat flour, white, all-purpose, enriched, unbleached","SR Legacy","2018-04","187.5","","84024","USDA average estimate: 1 cup = 125 g.","Draft computational correspondence, unreviewed. Wheat flour, white, all-purpose, enriched, unbleached. All-purpose white enriched unbleached wheat flour approximation; brand/enrichment unspecified. SR Legacy snapshot 2018-04; release age must be considered.","","https://fdc.nal.usda.gov/food-details/168936/nutrients"
"apple-muffin","Apple Muffin","12","1 teaspoon baking soda","1","","tsp","175040","Leavening agents, baking soda","SR Legacy","2018-04","4.6","","95484","USDA average estimate: 1 tsp = 4.6 g.","Draft computational correspondence, unreviewed. Leavening agents, baking soda. Generic dried spice/seed or leavening agent; unspecified brand and grind approximated. SR Legacy snapshot 2018-04; release age must be considered.","","https://fdc.nal.usda.gov/food-details/175040/nutrients"
"apple-muffin","Apple Muffin","12","1 1/2 teaspoon cinnamon","1.5","","tsp","171320","Spices, cinnamon, ground","SR Legacy","2018-04","3.9000000000000004","","88429","USDA average estimate: 1 tsp = 2.6 g.","Draft computational correspondence, unreviewed. Spices, cinnamon, ground. Generic dried spice/seed or leavening agent; unspecified brand and grind approximated. SR Legacy snapshot 2018-04; release age must be considered.","","https://fdc.nal.usda.gov/food-details/171320/nutrients"
"apple-muffin","Apple Muffin","12","1 3/4 cup raw apple, peeled and cut into small pieces (other low-potassium fruit also can be used)","1.75","","cup","171689","Apples, raw, without skin","SR Legacy","2018-04","","","","","Draft computational correspondence, unreviewed. Apples, raw, without skin. Raw apple without skin; source green apple subtype approximated by generic peeled apple. SR Legacy snapshot 2018-04; release age must be considered.","Preparation-specific household weight is unavailable; measure edible grams.","https://fdc.nal.usda.gov/food-details/171689/nutrients"
"key-lime-pie","Key Lime Pie","10","Crust:","","","","","","","","","","","","","",""
"key-lime-pie","Key Lime Pie","10","1 1/2 cups graham crackers, crushed","1.5","","cup","","","","","","","","","","USDA correspondence not selected.",""
"key-lime-pie","Key Lime Pie","10","1/4 cup sugar","0.25","","cup","746784","Sugars, granulated","Foundation","2026-04","47","","187534","USDA average estimate: 1 cup = 188 g.","Draft computational correspondence, unreviewed. Sugars, granulated. Foundation granulated sugar; source ordinary sugar assumed granulated. Foundation snapshot 2026-04; release age must be considered.","","https://fdc.nal.usda.gov/food-details/746784/nutrients"
"key-lime-pie","Key Lime Pie","10","Filling:","","","","","","","","","","","","","",""
"key-lime-pie","Key Lime Pie","10","1 can (14 ounces) nonfat, sweetened, condensed milk","1","","can","","","","","","","","","","USDA correspondence not selected.",""
"key-lime-pie","Key Lime Pie","10","1/2 cup fresh lime juice","0.5","","cup","168156","Lime juice, raw","SR Legacy","2018-04","121","","82572","USDA average estimate: 1 cup = 242 g.","Draft computational correspondence, unreviewed. Lime juice, raw. Raw lime juice, not whole lime. SR Legacy snapshot 2018-04; release age must be considered.","","https://fdc.nal.usda.gov/food-details/168156/nutrients"
"key-lime-pie","Key Lime Pie","10","1 tablespoon lime zest, minced","1","","tbsp","","","","","","","","","","USDA correspondence not selected.",""
"key-lime-pie","Key Lime Pie","10","1 large egg","1","","count","171287","Egg, whole, raw, fresh","SR Legacy","2018-04","","","","","Draft computational correspondence, unreviewed. Egg, whole, raw, fresh. Whole raw fresh egg; separated eggs assumed all edible yolk and white retained. Size unspecified uses no specific count override. SR Legacy snapshot 2018-04; release age must be considered.","Food count/size needs an explicit USDA portion selection.","https://fdc.nal.usda.gov/food-details/171287/nutrients"
"key-lime-pie","Key Lime Pie","10","2 large eggs, yolks and whites separated","2","","count","171287","Egg, whole, raw, fresh","SR Legacy","2018-04","","","","","Draft computational correspondence, unreviewed. Egg, whole, raw, fresh. Whole raw fresh egg; separated eggs assumed all edible yolk and white retained. Size unspecified uses no specific count override. SR Legacy snapshot 2018-04; release age must be considered.","Food count/size needs an explicit USDA portion selection.","https://fdc.nal.usda.gov/food-details/171287/nutrients"
"key-lime-pie","Key Lime Pie","10","5 tablespoons unsalted butter, melted","5","","tbsp","173430","Butter, without salt","SR Legacy","2018-04","71","","92512","USDA average estimate: 1 tbsp = 14.2 g.","Draft computational correspondence, unreviewed. Butter, without salt. Unsalted butter, not salted. SR Legacy snapshot 2018-04; release age must be considered.","","https://fdc.nal.usda.gov/food-details/173430/nutrients"
"key-lime-pie","Key Lime Pie","10","1/4 teaspoon cream of tartar","0.25","","tsp","175041","Leavening agents, cream of tartar","SR Legacy","2018-04","0.75","","95486","USDA average estimate: 1 tsp = 3 g.","Draft computational correspondence, unreviewed. Leavening agents, cream of tartar. Generic dried spice/seed or leavening agent; unspecified brand and grind approximated. SR Legacy snapshot 2018-04; release age must be considered.","","https://fdc.nal.usda.gov/food-details/175041/nutrients"
"key-lime-pie","Key Lime Pie","10","2 cups low-calorie whipped cream (such as Cool Whip)","2","","cup","","","","","","","","","","USDA correspondence not selected.",""
"key-lime-pie","Key Lime Pie","10","1 lime, thinly sliced (optional)","1","","count","168155","Limes, raw","SR Legacy","2018-04","67","","82570","USDA average estimate: 1 fruit (2"" dia) = 67 g.","Draft computational correspondence, unreviewed. Limes, raw. Whole edible lime; garnish amount consumed is unresolved. SR Legacy snapshot 2018-04; release age must be considered.","","https://fdc.nal.usda.gov/food-details/168155/nutrients"
"zesty-lemon-tart","Zesty Lemon Tart","1","Individual graham cracker pie crusts","","","","","","","","","","","","","No measured quantity; weight unresolved. USDA correspondence not selected.",""
"zesty-lemon-tart","Zesty Lemon Tart","1","2.8 ounces (one third of an","2.8","","oz","","","","","","","","","","Source text has an incomplete parenthetical note. USDA correspondence not selected.",""
"zesty-lemon-tart","Zesty Lemon Tart","1","8-ounce carton) nonfat lemon yogurt","","","","","","","","","","","","","Source text has an incomplete parenthetical note. No measured quantity; weight unresolved. USDA correspondence not selected.",""
"zesty-lemon-tart","Zesty Lemon Tart","1","2 tablespoons light whipped cream Lemon zest","2","","tbsp","","","","","","","","","","USDA correspondence not selected.",""
"homemade-salt-free-mexican-spice-mix","Homemade Salt-Free Mexican Spice Mix","8","2 tablespoons chili powder","2","","tbsp","171319","Spices, chili powder","SR Legacy","2018-04","16","","88428","USDA average estimate: 1 tbsp = 8 g.","Draft computational correspondence, unreviewed. Spices, chili powder. Generic dried spice/seed or leavening agent; unspecified brand and grind approximated. SR Legacy snapshot 2018-04; release age must be considered.","","https://fdc.nal.usda.gov/food-details/171319/nutrients"
"homemade-salt-free-mexican-spice-mix","Homemade Salt-Free Mexican Spice Mix","8","4 1/2 teaspoons cumin","4.5","","tsp","170923","Spices, cumin seed","SR Legacy","2018-04","","","","","Draft computational correspondence, unreviewed. Spices, cumin seed. Generic dried spice/seed or leavening agent; unspecified brand and grind approximated. SR Legacy snapshot 2018-04; release age must be considered.","USDA portion unit is incompatible with the source amount.","https://fdc.nal.usda.gov/food-details/170923/nutrients"
"homemade-salt-free-mexican-spice-mix","Homemade Salt-Free Mexican Spice Mix","8","2 1/2 teaspoons garlic powder","2.5","","tsp","171325","Spices, garlic powder","SR Legacy","2018-04","7.75","","88439","USDA average estimate: 1 tsp = 3.1 g.","Draft computational correspondence, unreviewed. Spices, garlic powder. Dried garlic powder, not fresh garlic. SR Legacy snapshot 2018-04; release age must be considered.","","https://fdc.nal.usda.gov/food-details/171325/nutrients"
"homemade-salt-free-mexican-spice-mix","Homemade Salt-Free Mexican Spice Mix","8","5 teaspoons paprika","5","","tsp","171329","Spices, paprika","SR Legacy","2018-04","11.5","","88447","USDA average estimate: 1 tsp = 2.3 g.","Draft computational correspondence, unreviewed. Spices, paprika. Generic dried spice/seed or leavening agent; unspecified brand and grind approximated. SR Legacy snapshot 2018-04; release age must be considered.","","https://fdc.nal.usda.gov/food-details/171329/nutrients"
"homemade-salt-free-mexican-spice-mix","Homemade Salt-Free Mexican Spice Mix","8","3 teaspoons onion powder","3","","tsp","171327","Spices, onion powder","SR Legacy","2018-04","7.199999999999999","","88443","USDA average estimate: 1 tsp = 2.4 g.","Draft computational correspondence, unreviewed. Spices, onion powder. Dried onion powder. SR Legacy snapshot 2018-04; release age must be considered.","","https://fdc.nal.usda.gov/food-details/171327/nutrients"
"homemade-mayonnaise","Homemade Mayonnaise","24","1 large pasteurized egg at room temperature","1","","count","","","","","","","","","","USDA correspondence not selected.",""
"homemade-mayonnaise","Homemade Mayonnaise","24","1 1/4 cup olive oil, divided","1.25","","cup","171413","Oil, olive, salad or cooking","SR Legacy","2018-04","270","","88668","USDA average estimate: 1 cup = 216 g.","Draft computational correspondence, unreviewed. Oil, olive, salad or cooking. Generic olive oil approximation; extra-virgin/light qualifiers affect composition. SR household portions retained because Foundation oil has no normalized nutrient totals. SR Legacy snapshot 2018-04; release age must be considered.","","https://fdc.nal.usda.gov/food-details/171413/nutrients"
"homemade-mayonnaise","Homemade Mayonnaise","24","1/2 teaspoon dry mustard","0.5","","tsp","170929","Spices, mustard seed, ground","SR Legacy","2018-04","1","","87556","USDA average estimate: 1 tsp = 2 g.","Draft computational correspondence, unreviewed. Spices, mustard seed, ground. Generic dried spice/seed or leavening agent; unspecified brand and grind approximated. SR Legacy snapshot 2018-04; release age must be considered.","","https://fdc.nal.usda.gov/food-details/170929/nutrients"
"homemade-mayonnaise","Homemade Mayonnaise","24","1/4 teaspoon salt (or less, to taste)","0.25","","tsp","173468","Salt, table","SR Legacy","2018-04","","","","","Draft computational correspondence, unreviewed. Salt, table. Table salt composition approximation; sea/kosher salt density differs, so volume for those qualifiers is unresolved. Pinch/to-taste has no invented gram weight. SR Legacy snapshot 2018-04; release age must be considered.","Unmeasured pinch, sprinkle or to-taste amount; weight unresolved. Measured weight requires source review.","https://fdc.nal.usda.gov/food-details/173468/nutrients"
"homemade-mayonnaise","Homemade Mayonnaise","24","A pinch or two of sugar, if desired","","","","","","","","","","","","","Unmeasured pinch, sprinkle or to-taste amount; weight unresolved. No measured quantity; weight unresolved. USDA correspondence not selected.",""
"homemade-mayonnaise","Homemade Mayonnaise","24","2 to 3 teaspoons fresh lemon juice (or white wine vinegar or a mix of the two)","2","3","tsp","","","","","","","","","","USDA correspondence not selected.",""
"coffee-ancho-chile-rub","Coffee-Ancho Chile Rub","14","1/4 cup espresso coffee beans, finely ground","0.25","","cup","","","","","","","","","","USDA correspondence not selected.",""
"coffee-ancho-chile-rub","Coffee-Ancho Chile Rub","14","1/3 cup packed brown sugar","0.3333333333333333","","cup","168833","Sugars, brown","SR Legacy","2018-04","73.33333333333333","","83855","USDA average estimate: 1 cup packed = 220 g.","Draft computational correspondence, unreviewed. Sugars, brown. Brown sugar; light subtype approximated by generic brown sugar. SR Legacy snapshot 2018-04; release age must be considered.","","https://fdc.nal.usda.gov/food-details/168833/nutrients"
"coffee-ancho-chile-rub","Coffee-Ancho Chile Rub","14","1 tablespoon paprika","1","","tbsp","171329","Spices, paprika","SR Legacy","2018-04","6.8","","88448","USDA average estimate: 1 tbsp = 6.8 g.","Draft computational correspondence, unreviewed. Spices, paprika. Generic dried spice/seed or leavening agent; unspecified brand and grind approximated. SR Legacy snapshot 2018-04; release age must be considered.","","https://fdc.nal.usda.gov/food-details/171329/nutrients"
"coffee-ancho-chile-rub","Coffee-Ancho Chile Rub","14","1 tablespoon garlic, granulated","1","","tbsp","","","","","","","","","","USDA correspondence not selected.",""
"coffee-ancho-chile-rub","Coffee-Ancho Chile Rub","14","1 teaspoon dried oregano","1","","tsp","171328","Spices, oregano, dried","SR Legacy","2018-04","","","","","Draft computational correspondence, unreviewed. Spices, oregano, dried. Generic dried spice/seed or leavening agent; unspecified brand and grind approximated. SR Legacy snapshot 2018-04; release age must be considered.","Multiple household portion weights require an explicit choice.","https://fdc.nal.usda.gov/food-details/171328/nutrients"
"coffee-ancho-chile-rub","Coffee-Ancho Chile Rub","14","1 teaspoon dry mustard","1","","tsp","170929","Spices, mustard seed, ground","SR Legacy","2018-04","2","","87556","USDA average estimate: 1 tsp = 2 g.","Draft computational correspondence, unreviewed. Spices, mustard seed, ground. Generic dried spice/seed or leavening agent; unspecified brand and grind approximated. SR Legacy snapshot 2018-04; release age must be considered.","","https://fdc.nal.usda.gov/food-details/170929/nutrients"
"coffee-ancho-chile-rub","Coffee-Ancho Chile Rub","14","2 teaspoons salt","2","","tsp","173468","Salt, table","SR Legacy","2018-04","12","","92594","USDA average estimate: 1 tsp = 6 g.","Draft computational correspondence, unreviewed. Salt, table. Table salt composition approximation; sea/kosher salt density differs, so volume for those qualifiers is unresolved. Pinch/to-taste has no invented gram weight. SR Legacy snapshot 2018-04; release age must be considered.","","https://fdc.nal.usda.gov/food-details/173468/nutrients"
"coffee-ancho-chile-rub","Coffee-Ancho Chile Rub","14","1 teaspoon black pepper","1","","tsp","170931","Spices, pepper, black","SR Legacy","2018-04","2.3","","87560","USDA average estimate: 1 tsp, ground = 2.3 g.","Draft computational correspondence, unreviewed. Spices, pepper, black. Generic dried spice/seed or leavening agent; unspecified brand and grind approximated. SR Legacy snapshot 2018-04; release age must be considered.","","https://fdc.nal.usda.gov/food-details/170931/nutrients"
"coffee-ancho-chile-rub","Coffee-Ancho Chile Rub","14","1 tablespoon ancho chile powder","1","","tbsp","","","","","","","","","","USDA correspondence not selected.",""
"simple-kebob-marinade","Simple Kebob Marinade","8","1/4 cup low-sodium soy sauce","0.25","","cup","172473","Soy sauce made from soy and wheat (shoyu), low sodium","SR Legacy","2018-04","63.75","","90679","USDA average estimate: 1 cup = 255 g.","Draft computational correspondence, unreviewed. Soy sauce made from soy and wheat (shoyu), low sodium. Generic low-sodium shoyu; product-specific reduction varies, not regular soy sauce. SR Legacy snapshot 2018-04; release age must be considered.","","https://fdc.nal.usda.gov/food-details/172473/nutrients"
"simple-kebob-marinade","Simple Kebob Marinade","8","2 tablespoons fresh lemon juice","2","","tbsp","167747","Lemon juice, raw","SR Legacy","2018-04","30.5","","81887","USDA average estimate: 1 cup = 244 g. Household volume converted within this food only.","Draft computational correspondence, unreviewed. Lemon juice, raw. Raw lemon juice, not whole fruit. SR Legacy snapshot 2018-04; release age must be considered.","","https://fdc.nal.usda.gov/food-details/167747/nutrients"
"simple-kebob-marinade","Simple Kebob Marinade","8","1 clove crushed garlic","1","","clove","169230","Garlic, raw","SR Legacy","2018-04","3","","84480","USDA average estimate: 1 clove = 3 g.","Draft computational correspondence, unreviewed. Garlic, raw. Raw garlic; USDA generic clove is 3 g. Large/small clove and whole-head weights are not size-specific. SR Legacy snapshot 2018-04; release age must be considered.","","https://fdc.nal.usda.gov/food-details/169230/nutrients"
"simple-kebob-marinade","Simple Kebob Marinade","8","2 tablespoons honey or agave","2","","tbsp","","","","","","","","","","USDA correspondence not selected.",""
"simple-kebob-marinade","Simple Kebob Marinade","8","3/4 cup olive oil","0.75","","cup","171413","Oil, olive, salad or cooking","SR Legacy","2018-04","162","","88668","USDA average estimate: 1 cup = 216 g.","Draft computational correspondence, unreviewed. Oil, olive, salad or cooking. Generic olive oil approximation; extra-virgin/light qualifiers affect composition. SR household portions retained because Foundation oil has no normalized nutrient totals. SR Legacy snapshot 2018-04; release age must be considered.","","https://fdc.nal.usda.gov/food-details/171413/nutrients"
"roasted-garlic","Roasted Garlic","36","3 heads of garlic","3","","count","169230","Garlic, raw","SR Legacy","2018-04","","","","","Draft computational correspondence, unreviewed. Garlic, raw. Raw garlic; USDA generic clove is 3 g. Large/small clove and whole-head weights are not size-specific. SR Legacy snapshot 2018-04; release age must be considered.","Food count/size needs an explicit USDA portion selection.","https://fdc.nal.usda.gov/food-details/169230/nutrients"
"roasted-garlic","Roasted Garlic","36","water","","","","174158","Water, bottled, generic","SR Legacy","2018-04","","","","","Draft computational correspondence, unreviewed. Water, bottled, generic. Plain water; generic bottled water mineral composition is an approximation. SR Legacy snapshot 2018-04; release age must be considered.","No measured quantity; weight unresolved. Measured weight requires source review.","https://fdc.nal.usda.gov/food-details/174158/nutrients"
"basic-chicken-stock","Basic Chicken Stock","10","1 pound chicken bones, washed, roasted","1","","lb","","","","","","","","","","USDA correspondence not selected.",""
"basic-chicken-stock","Basic Chicken Stock","10","3 tablespoons olive oil (divided)","3","","tbsp","171413","Oil, olive, salad or cooking","SR Legacy","2018-04","40.5","","88667","USDA average estimate: 1 tablespoon = 13.5 g.","Draft computational correspondence, unreviewed. Oil, olive, salad or cooking. Generic olive oil approximation; extra-virgin/light qualifiers affect composition. SR household portions retained because Foundation oil has no normalized nutrient totals. SR Legacy snapshot 2018-04; release age must be considered.","","https://fdc.nal.usda.gov/food-details/171413/nutrients"
"basic-chicken-stock","Basic Chicken Stock","10","1 yellow onion, peeled, coarsely chopped","1","","count","170000","Onions, raw","SR Legacy","2018-04","","","","","Draft computational correspondence, unreviewed. Onions, raw. Generic raw onion; red/yellow variety approximated by generic onion to retain compatible household portions. SR Legacy snapshot 2018-04; release age must be considered.","USDA portion unit is incompatible with the source amount.","https://fdc.nal.usda.gov/food-details/170000/nutrients"
"basic-chicken-stock","Basic Chicken Stock","10","2 carrots, peeled, coarsely chopped","2","","count","170393","Carrots, raw","SR Legacy","2018-04","","","","","Draft computational correspondence, unreviewed. Carrots, raw. Raw carrot, before recipe cooking. SR Legacy snapshot 2018-04; release age must be considered.","USDA portion unit is incompatible with the source amount.","https://fdc.nal.usda.gov/food-details/170393/nutrients"
"basic-chicken-stock","Basic Chicken Stock","10","2 stalks celery, washed, coarsely chopped","2","","stalk","169988","Celery, raw","SR Legacy","2018-04","","","","","Draft computational correspondence, unreviewed. Celery, raw. Raw celery stalks; leaves-only or alternative ingredient excluded. SR Legacy snapshot 2018-04; release age must be considered.","USDA portion unit is incompatible with the source amount.","https://fdc.nal.usda.gov/food-details/169988/nutrients"
"basic-chicken-stock","Basic Chicken Stock","10","2 cloves garlic, peeled","2","","clove","169230","Garlic, raw","SR Legacy","2018-04","6","","84480","USDA average estimate: 1 clove = 3 g.","Draft computational correspondence, unreviewed. Garlic, raw. Raw garlic; USDA generic clove is 3 g. Large/small clove and whole-head weights are not size-specific. SR Legacy snapshot 2018-04; release age must be considered.","","https://fdc.nal.usda.gov/food-details/169230/nutrients"
"basic-chicken-stock","Basic Chicken Stock","10","2 bay leaves","2","","count","170917","Spices, bay leaf","SR Legacy","2018-04","","","","","Draft computational correspondence, unreviewed. Spices, bay leaf. Dried bay leaves; whole-leaf weight unavailable, crumbled portion not substituted. SR Legacy snapshot 2018-04; release age must be considered.","Food count/size needs an explicit USDA portion selection.","https://fdc.nal.usda.gov/food-details/170917/nutrients"
"basic-chicken-stock","Basic Chicken Stock","10","1 tablespoon black peppercorns","1","","tbsp","170931","Spices, pepper, black","SR Legacy","2018-04","8.7","","87562","USDA average estimate: 1 tsp, whole = 2.9 g. Household volume converted within this food only.","Draft computational correspondence, unreviewed. Spices, pepper, black. Generic dried spice/seed or leavening agent; unspecified brand and grind approximated. SR Legacy snapshot 2018-04; release age must be considered.","","https://fdc.nal.usda.gov/food-details/170931/nutrients"
"basic-chicken-stock","Basic Chicken Stock","10","2 ½ quarts water","2.5","","quart","174158","Water, bottled, generic","SR Legacy","2018-04","","","","","Draft computational correspondence, unreviewed. Water, bottled, generic. Plain water; generic bottled water mineral composition is an approximation. SR Legacy snapshot 2018-04; release age must be considered.","Large volume measure needs an explicit food portion and measurement stage.","https://fdc.nal.usda.gov/food-details/174158/nutrients"
